作者,fix总数,fix过的提交种类数,此人进行过的merge总数,此人merge过的库的种类数,commit总数,能力指数,时区,,时区,时区内总和/总贡献度,时区内平均,时区内人数
Adrian Huang ,4,2,0,0,4,1.6578,-800,,-800,1312.7445,6.077520833,216
Ajay Gupta ,1,1,0,0,1,0.465,-800,,-700,63.8187,1.772741667,36
Akeem G Abodunrin ,1,1,0,0,1,0.465,-800,,-600,279.7662,5.595324,50
Akinobu Mita ,13,1,0,0,13,4.8318,-800,,-500,266.466,2.358106195,113
Alex Shi ,20,1,0,0,20,7.3791,-800,,-400,12.5346,1.04455,12
Alex Williams ,1,1,0,0,1,0.465,-800,,-300,24.456,1.6304,15
Alexander Potapenko ,2,2,0,0,2,0.93,-800,,0,305.6838,2.590540678,118
Alexandru Ardelean ,5,1,0,0,5,1.9206,-800,,100,686.2524,2.257409211,304
Alexei Starovoitov ,20,4,10,10,20,15.7044,-800,,200,211.9437,1.875607965,113
Alexey Dobriyan ,11,1,0,0,11,4.104,-800,,300,72.9834,2.28073125,32
Alistair Delva ,1,1,0,0,1,0.465,-800,,400,1.86,0.93,2
Amritha Nambiar ,1,1,0,0,1,0.465,-800,,530,87.2841,1.322486364,66
Andi Kleen ,2,1,0,0,2,0.8289,-800,,700,0.465,0.465,1
Andres Freund ,1,1,0,0,1,0.465,-800,,800,262.4106,1.299062376,202
Andrew Morton ,2,1,0,0,2,0.8289,-800,,900,47.7927,2.389635,20
Andrey Ignatov ,1,1,0,0,1,0.465,-800,,1000,66.348,13.2696,5
Andrey Smirnov ,12,1,0,0,12,4.4679,-800,,1030,3.4773,3.4773,1
Andrii Nakryiko ,19,7,0,0,19,7.6218,-800,,1100,26.8011,2.233425,12
Andy Shevchenko ,30,2,0,0,30,11.1192,-800,,1300,3.255,0.465,7
Aneesh Kumar K.V ,4,2,0,0,4,1.6578,-800,,,,,
Anirudh Venkataramanan ,4,1,0,0,4,1.5567,-800,,相关系数r,,,
Anton Eidelman ,1,1,0,0,1,0.465,-800,,,,,
Ard Biesheuvel ,37,8,0,0,37,14.2731,-800,,,,,
Arun Easi ,1,1,0,0,1,0.465,-800,,,-0.710112941,-0.677793784,
Arun Parameswaran ,1,1,0,0,1,0.465,-800,,,-0.58139624,0.224751837,
Bart Van Assche ,5,4,0,0,5,2.2239,-800,,,,,
Bartosz Golaszewski ,12,3,0,0,12,4.6701,-800,,,,,
Ben Gardon ,2,1,0,0,2,0.8289,-800,,,,,
Ben Shelton ,1,1,0,0,1,0.465,-800,,,,,
Benjamin Gaignard ,7,1,0,0,7,2.6484,-800,,,,,
Benjamin Tissoires ,1,1,0,0,1,0.465,-800,,,,,
Benson Leung ,1,1,1,1,1,1.2672,-800,,,,,
Bhaskar Upadhaya ,1,1,0,0,1,0.465,-800,,,,,
Bijan Mottahedeh ,2,2,0,0,2,0.93,-800,,,,,
Bjorn Andersson ,10,2,0,0,10,3.8412,-800,,,,,
Bob Moore ,2,1,0,0,2,0.8289,-800,,,,,
Brett Creeley ,5,2,0,0,5,2.0217,-800,,,,,
Brian Norris ,2,2,0,0,2,0.93,-800,,,,,
Brian Vazquez ,8,4,0,0,8,3.3156,-800,,,,,
Bruce Allan ,2,1,0,0,2,0.8289,-800,,,,,
Can Guo ,1,1,0,0,1,0.465,-800,,,,,
Casey Schaufler ,1,1,0,0,1,0.465,-800,,,,,
Caz Yokoyama ,1,1,0,0,1,0.465,-800,,,,,
Chen-Yu Tsai ,1,1,0,0,1,0.465,-800,,,,,
Christoph Paasch ,2,1,0,0,2,0.8289,-800,,,,,
Colin Ian King ,60,21,0,0,60,23.9571,-800,,,,,
Cong Wang ,11,9,0,0,11,4.9128,-800,,,,,
Dajun Jin ,1,1,0,0,1,0.465,-800,,,,,
Daniel Axtens ,2,1,0,0,2,0.8289,-800,,,,,
Daniel Rosenberg ,3,1,0,0,3,1.1928,-800,,,,,
Daniel Verkamp ,2,1,0,0,2,0.8289,-800,,,,,
Darrick J. Wong ,23,2,0,0,23,8.5719,-800,,,,,
Dave Ertman ,2,1,0,0,2,0.8289,-800,,,,,
Dave Hansen ,5,2,0,0,5,2.0217,-800,,,,,
David Ahern ,1,1,0,0,1,0.465,-800,,,,,
David Hildenbrand ,17,6,0,0,17,6.7929,-800,,,,,
David Rientjes ,2,2,0,0,2,0.93,-800,,,,,
David S. Miller ,114,3,159,132,114,156.9204,-800,,,,,
Davidlohr Bueso ,1,1,0,0,1,0.465,-800,,,,,
Dennis Zhou ,24,1,0,0,24,8.8347,-800,,,,,
Dexuan Cui ,9,2,0,0,9,3.4773,-800,,,,,
Dmitry Torokhov ,4,1,2,2,4,3.1611,-800,,,,,
Dmitry Vyukov ,1,1,0,0,1,0.465,-800,,,,,
Dongli Zhang ,3,1,0,0,3,1.1928,-800,,,,,
Doug Smythies ,2,1,0,0,2,0.8289,-800,,,,,
Douglas Anderson ,20,8,0,0,20,8.0868,-800,,,,,
EJ Hsu ,1,1,0,0,1,0.465,-800,,,,,
Erdem Aktas ,1,1,0,0,1,0.465,-800,,,,,
Eric Biggers ,45,11,0,0,45,17.4876,-800,,,,,
Eric Dumazet ,31,24,0,0,31,13.7073,-800,,,,,
Eric Hankland ,1,1,0,0,1,0.465,-800,,,,,
Evan Green ,1,1,0,0,1,0.465,-800,,,,,
Florian Fainelli ,23,12,1,1,23,10.3851,-800,,,,,
Florian Westphal ,25,11,0,0,25,10.2096,-800,,,,,
Fritz Koenig ,1,1,0,0,1,0.465,-800,,,,,
Gang He ,1,1,0,0,1,0.465,-800,,,,,
Gaurav Agrawal ,1,1,0,0,1,0.465,-800,,,,,
Gavin Shan ,3,3,0,0,3,1.395,-800,,,,,
Gayatri Kammela ,1,1,0,0,1,0.465,-800,,,,,
Greg Kroah-Hartman ,30,1,26,26,30,31.8753,-800,,,,,
H.J. Lu ,1,1,0,0,1,0.465,-800,,,,,
Haiyang Zhang ,4,3,0,0,4,1.7589,-800,,,,,
Hans Verkuil ,7,2,0,0,7,2.7495,-800,,,,,
Hao Lee ,1,1,0,0,1,0.465,-800,,,,,
He Zhe ,2,1,0,0,2,0.8289,-800,,,,,
Heidi Fahim ,2,1,0,0,2,0.8289,-800,,,,,
Hridya Valsaraju ,3,2,0,0,3,1.2939,-800,,,,,
Huang Ying ,1,1,0,0,1,0.465,-800,,,,,
Hugh Dickins ,1,1,0,0,1,0.465,-800,,,,,
Ian Rogers ,1,1,0,0,1,0.465,-800,,,,,
Ioanna Alifieraki ,1,1,0,0,1,0.465,-800,,,,,
Ira Weiny ,1,1,0,0,1,0.465,-800,,,,,
Jack Pham ,2,2,0,0,2,0.93,-800,,,,,
Jacob Keller ,23,3,0,0,23,8.673,-800,,,,,
Jaegeuk Kim ,8,2,0,0,8,3.1134,-800,,,,,
Jakub Kicinski ,36,25,7,7,36,21.2433,-800,,,,,
James Jones ,2,1,0,0,2,0.8289,-800,,,,,
Jay Dolan ,1,1,0,0,1,0.465,-800,,,,,
Joe Perches ,5,1,0,0,5,1.9206,-800,,,,,
Johan Hovold ,35,22,0,0,35,14.9607,-800,,,,,
John Bates ,1,1,0,0,1,0.465,-800,,,,,
John Hubbard ,21,2,0,0,21,7.8441,-800,,,,,
John Sperbeck ,1,1,0,0,1,0.465,-800,,,,,
Jonathan Lemon ,3,2,0,0,3,1.2939,-800,,,,,
José Roberto de Souza ,4,4,0,0,4,1.86,-800,,,,,
Josh Triplett ,1,1,0,0,1,0.465,-800,,,,,
Junyong Sun ,1,1,0,0,1,0.465,-800,,,,,
Kaitao Cheng ,1,1,0,0,1,0.465,-800,,,,,
Kan Liang ,7,3,0,0,7,2.8506,-800,,,,,
Kirill A. Shutemov ,4,2,0,0,4,1.6578,-800,,,,,
Kuppuswamy Sathyanarayanan ,1,1,0,0,1,0.465,-800,,,,,
Lakshmi Ramasubramanian ,4,2,0,0,4,1.6578,-800,,,,,
Li Xinhai ,1,1,0,0,1,0.465,-800,,,,,
Linus Torvalds ,480,3,507,435,480,548.5779,-800,,,,,
Long Li ,1,1,0,0,1,0.465,-800,,,,,
Lu Shuaibing ,1,1,0,0,1,0.465,-800,,,,,
Luca Ceresoli ,29,1,0,0,29,10.6542,-800,,,,,
Luca Weiss ,2,2,0,0,2,0.93,-800,,,,,
Lucas De Marchi ,1,1,0,0,1,0.465,-800,,,,,
Lucas Stach ,1,1,0,0,1,0.465,-800,,,,,
Luiz Augusto von Dentz ,7,1,0,0,7,2.6484,-800,,,,,
Manfred Spraul ,4,2,0,0,4,1.6578,-800,,,,,
Manish Chopra ,1,1,0,0,1,0.465,-800,,,,,
Marco Felsch ,14,3,0,0,14,5.3979,-800,,,,,
Marios Pomonis ,13,12,0,0,13,5.9439,-800,,,,,
Martin KaFai Lau ,13,6,0,0,13,5.3373,-800,,,,,
Masahiro Yamada ,61,5,0,0,61,22.7034,-800,,,,,
Mat Martineau ,6,1,0,0,6,2.2845,-800,,,,,
Matt Ranostay ,1,1,0,0,1,0.465,-800,,,,,
Matt Roper ,4,4,0,0,4,1.86,-800,,,,,
Matthias Kaehlcke ,1,1,0,0,1,0.465,-800,,,,,
Max Filippov ,9,1,0,0,9,3.3762,-800,,,,,
Md Fahad Iqbal Polash ,2,1,0,0,2,0.8289,-800,,,,,
Mel Gorman ,3,1,0,0,3,1.1928,-800,,,,,
Michal Swiatkowski ,1,1,0,0,1,0.465,-800,,,,,
Mikhail Zaslonko ,6,1,0,0,6,2.2845,-800,,,,,
Miles Chen ,1,1,0,0,1,0.465,-800,,,,,
Moritz Fischer ,1,1,0,0,1,0.465,-800,,,,,
Nathan Chancellor ,18,13,0,0,18,7.8645,-800,,,,,
Nick Desaulniers ,1,1,0,0,1,0.465,-800,,,,,
Nick Hu ,3,1,0,0,3,1.1928,-800,,,,,
Nicolin Chen ,1,1,0,0,1,0.465,-800,,,,,
Nigel Kirkland ,1,1,0,0,1,0.465,-800,,,,,
OGAWA Hirofumi ,1,1,0,0,1,0.465,-800,,,,,
Oliver Upton ,8,4,0,0,8,3.3156,-800,,,,,
Omar Sandoval ,12,2,0,0,12,4.569,-800,,,,,
or: Kirill A. Shutemov ,1,1,0,0,1,0.465,-800,,,,,
Paolo Abeni ,9,4,0,0,9,3.6795,-800,,,,,
Paul Burton ,3,2,0,0,3,1.2939,-800,,,,,
Paul E. McKenney ,12,1,1,1,12,5.2701,-800,,,,,
Paul Greenwalt ,1,1,0,0,1,0.465,-800,,,,,
Pawan Gupta ,1,1,0,0,1,0.465,-800,,,,,
Peter Krystad ,7,1,0,0,7,2.6484,-800,,,,,
Peter Zijlstra ,11,4,0,0,11,4.4073,-800,,,,,
Philipp Zabel ,1,1,0,0,1,0.465,-800,,,,,
Prashant Malani ,1,1,0,0,1,0.465,-800,,,,,
Praveen Chaudhary ,1,1,0,0,1,0.465,-800,,,,,
Qiujun Huang ,3,1,0,0,3,1.1928,-800,,,,,
Rajan Vaja ,7,1,0,0,7,2.6484,-800,,,,,
Ralph Campbell ,3,1,0,0,3,1.1928,-800,,,,,
Randy Dunlap ,25,5,0,0,25,9.603,-800,,,,,
Ranjani Sridharan ,1,1,0,0,1,0.465,-800,,,,,
Rao Shoaib ,2,1,0,0,2,0.8289,-800,,,,,
Rob Clark ,5,2,0,0,5,2.0217,-800,,,,,
Robert Jones ,4,1,0,0,4,1.5567,-800,,,,,
Roman Gushchin ,1,1,0,0,1,0.465,-800,,,,,
Roman Kiryanov ,1,1,0,0,1,0.465,-800,,,,,
Ronald Tschal??r ,1,1,0,0,1,0.465,-800,,,,,
Saeed Mahameed ,5,1,1,1,5,2.7228,-800,,,,,
Sagi Grimberg ,2,2,0,0,2,0.93,-800,,,,,
Sami Tolvanen ,3,1,0,0,3,1.1928,-800,,,,,
Saravana Kannan ,3,2,0,0,3,1.2939,-800,,,,,
Sargun Dhillon ,4,1,0,0,4,1.5567,-800,,,,,
Scott Branden ,2,1,0,0,2,0.8289,-800,,,,,
Shannon Nelson ,3,3,0,0,3,1.395,-800,,,,,
Song Liu ,3,3,0,0,3,1.395,-800,,,,,
Srinivas Pandruvada ,7,1,0,0,7,2.6484,-800,,,,,
Stanislav Fomichev ,1,1,0,0,1,0.465,-800,,,,,
Stefan Schaeckeler ,1,1,0,0,1,0.465,-800,,,,,
Stephen Boyd ,30,8,13,13,30,22.1544,-800,,,,,
Stephen Hemminger ,1,1,0,0,1,0.465,-800,,,,,
Steven Clarkson ,1,1,0,0,1,0.465,-800,,,,,
Sudarsana Reddy Kalluru ,1,1,0,0,1,0.465,-800,,,,,
Sukadev Bhattiprolu ,4,2,0,0,4,1.6578,-800,,,,,
Suraj Jitindar Singh ,2,1,0,0,2,0.8289,-800,,,,,
Suren Baghdasaryan ,2,1,0,0,2,0.8289,-800,,,,,
"Swaminathan, Nivedita ",1,1,0,0,1,0.465,-800,,,,,
Taejoon Song ,1,1,0,0,1,0.465,-800,,,,,
Tejas Patel ,2,1,0,0,2,0.8289,-800,,,,,
Tejun Heo ,3,3,0,0,3,1.395,-800,,,,,
Theodore Dubois ,1,1,0,0,1,0.465,-800,,,,,
Thinh Nguyen ,7,2,0,0,7,2.7495,-800,,,,,
Thomas Hebb ,2,1,0,0,2,0.8289,-800,,,,,
Tim Harvey ,3,1,0,0,3,1.1928,-800,,,,,
Tony Lindgren ,36,5,6,5,36,17.9592,-800,,,,,
Tony Luck ,1,1,0,0,1,0.465,-800,,,,,
Tony Nguyen ,8,2,0,0,8,3.1134,-800,,,,,
Tyrel Datwyler ,1,1,0,0,1,0.465,-800,,,,,
Vasily Averin ,21,4,0,0,21,8.0463,-800,,,,,
Vasily Khoruzhick ,4,1,0,0,4,1.5567,-800,,,,,
Victor Kamensky ,2,1,0,0,2,0.8289,-800,,,,,
Vineet Gupta ,6,1,0,0,6,2.2845,-800,,,,,
Vitaly Wool ,1,1,0,0,1,0.465,-800,,,,,
Vivek Kasireddy ,3,2,0,0,3,1.2939,-800,,,,,
Wei Yang ,8,5,0,0,8,3.4167,-800,,,,,
Wen Yang ,5,1,0,0,5,1.9206,-800,,,,,
Xiong ,1,1,0,0,1,0.465,-800,,,,,
Yang Shi ,2,2,0,0,2,0.93,-800,,,,,
Yash Shah ,9,2,0,0,9,3.4773,-800,,,,,
Yonghong Song ,8,3,0,0,8,3.2145,-800,,,,,
Yonghyun Hwang ,1,1,0,0,1,0.465,-800,,,,,
Yu Zhao ,2,1,0,0,2,0.8289,-800,,,,,
Yulia Kartseva ,1,1,0,0,1,0.465,-800,,,,,
Yunfeng Ye ,2,1,0,0,2,0.8289,-800,,,,,
Yury Norov ,10,1,0,0,10,3.7401,-800,,,,,
zhengbin ,19,1,0,0,19,7.0152,-800,,,,,
Alexandru M Stan ,1,1,0,0,1,0.465,-700,,,,,
Andreas Dilger ,1,1,0,0,1,0.465,-700,,,,,
Arnd Bergmann ,30,14,0,0,30,12.3324,-700,,,,,
Baoquan He ,1,1,0,0,1,0.465,-700,,,,,
Chris Down ,3,2,0,0,3,1.2939,-700,,,,,
Christian Zigotzky ,1,1,0,0,1,0.465,-700,,,,,
Chunguang Xu ,1,1,0,0,1,0.465,-700,,,,,
Dan Moulding ,1,1,0,0,1,0.465,-700,,,,,
Daniel Campello ,1,1,0,0,1,0.465,-700,,,,,
Dave Jiang ,13,3,0,0,13,5.034,-700,,,,,
Guenter Roeck ,18,3,0,0,18,6.8535,-700,,,,,
Jerry Snitselaar ,3,2,0,0,3,1.2939,-700,,,,,
Jing Lin ,1,1,0,0,1,0.465,-700,,,,,
Joel Fernandes ,1,1,0,0,1,0.465,-700,,,,,
Jon Derrick ,6,1,0,0,6,2.2845,-700,,,,,
Jonathan Corbet ,4,1,1,1,4,2.3589,-700,,,,,
Jordan Crouse ,3,1,0,0,3,1.1928,-700,,,,,
Kelvin Cao ,3,1,0,0,3,1.1928,-700,,,,,
Lai Jiangshan ,8,1,0,0,8,3.0123,-700,,,,,
Logan Gunthorpe ,11,3,0,0,11,4.3062,-700,,,,,
Mahesh Bandewar ,3,3,0,0,3,1.395,-700,,,,,
Megha Dey ,2,2,0,0,2,0.93,-700,,,,,
Michal Hocko ,1,1,0,0,1,0.465,-700,,,,,
Mike Jones ,1,1,0,0,1,0.465,-700,,,,,
Qian Cai ,13,4,0,0,13,5.1351,-700,,,,,
Raul E Rangel ,1,1,0,0,1,0.465,-700,,,,,
Roman Penyaev ,1,1,0,0,1,0.465,-700,,,,,
Shakeel Butt ,2,2,0,0,2,0.93,-700,,,,,
Shuah Khan ,1,1,0,0,1,0.465,-700,,,,,
Shyam Prasad N ,1,1,0,0,1,0.465,-700,,,,,
Shyjumon N ,1,1,0,0,1,0.465,-700,,,,,
Sushma Kalakota ,1,1,0,0,1,0.465,-700,,,,,
Tycho Andersen ,2,1,0,0,2,0.8289,-700,,,,,
Vinicius Costa Gomes ,6,3,0,0,6,2.4867,-700,,,,,
Vlastimil Babka ,5,4,0,0,5,2.2239,-700,,,,,
Wesley Sheng ,2,1,0,0,2,0.8289,-700,,,,,
Abhi Das ,1,1,0,0,1,0.465,-600,,,,,
Aditya Pakki ,2,2,0,0,2,0.93,-600,,,,,
Alex Sierra ,8,1,0,0,8,3.0123,-600,,,,,
Bard Liao ,4,1,0,0,4,1.5567,-600,,,,,
Benoit Parrot ,15,1,0,0,15,5.5596,-600,,,,,
Bin Liu ,2,2,0,0,2,0.93,-600,,,,,
Bjorn Helgaas ,17,1,15,15,17,18.3204,-600,,,,,
Corey Minyard ,1,1,0,0,1,0.465,-600,,,,,
Dan Murphy ,7,5,0,0,7,3.0528,-600,,,,,
Dinh Nguyen ,1,1,0,0,1,0.465,-600,,,,,
Eddie James ,7,1,0,0,7,2.6484,-600,,,,,
Eric Sandeen ,1,1,0,0,1,0.465,-600,,,,,
Frank Sorenson ,1,1,0,0,1,0.465,-600,,,,,
Guennadi Liakhovetski ,2,1,0,0,2,0.8289,-600,,,,,
Huy Nguyen ,1,1,0,0,1,0.465,-600,,,,,
Jens Axboe ,91,12,7,7,91,39.9435,-600,,,,,
Jim Wright ,3,1,0,0,3,1.1928,-600,,,,,
John Allen ,1,1,0,0,1,0.465,-600,,,,,
Joseph Greathouse ,4,1,0,0,4,1.5567,-600,,,,,
Joseph Kust ,1,1,0,0,1,0.465,-600,,,,,
Josh Poimboeuf ,1,1,0,0,1,0.465,-600,,,,,
Kai Vehmanen ,10,1,0,0,10,3.7401,-600,,,,,
Keyon Jie ,1,1,0,0,1,0.465,-600,,,,,
Kim Phillips ,8,3,0,0,8,3.2145,-600,,,,,
Larry Finger ,6,1,0,0,6,2.2845,-600,,,,,
Maital Hahn ,1,1,0,0,1,0.465,-600,,,,,
Manish Narani ,1,1,0,0,1,0.465,-600,,,,,
Mans Rullgard ,1,1,0,0,1,0.465,-600,,,,,
Michael Bringmann ,1,1,0,0,1,0.465,-600,,,,,
Mike Christie ,1,1,0,0,1,0.465,-600,,,,,
Min Guo ,5,1,0,0,5,1.9206,-600,,,,,
Olof Johansson ,98,3,112,110,98,124.8921,-600,,,,,
Pan Xiuli ,2,1,0,0,2,0.8289,-600,,,,,
Pierre-Louis Bossart ,43,6,0,0,43,16.2543,-600,,,,,
Prabhath Sajeepa ,1,1,0,0,1,0.465,-600,,,,,
Rander Wang ,3,1,0,0,3,1.1928,-600,,,,,
Rob Herring ,13,3,1,1,13,5.8362,-600,,,,,
Samuel Holland ,13,5,0,0,13,5.2362,-600,,,,,
Saurav Girepunje ,1,1,0,0,1,0.465,-600,,,,,
Shile Zhang ,1,1,0,0,1,0.465,-600,,,,,
Steve French ,11,1,0,0,11,4.104,-600,,,,,
Suman Anna ,3,1,0,0,3,1.1928,-600,,,,,
Suravee Suthikulpanit ,17,3,0,0,17,6.4896,-600,,,,,
Tero Kristo ,1,1,0,0,1,0.465,-600,,,,,
Tianlin Li ,1,1,0,0,1,0.465,-600,,,,,
Tom Lendacky ,3,2,0,0,3,1.2939,-600,,,,,
Tom Zanussi ,28,5,0,0,28,10.6947,-600,,,,,
Tomeu Vizoso ,1,1,0,0,1,0.465,-600,,,,,
Wen Xiong ,1,1,0,0,1,0.465,-600,,,,,
Yong Zhi ,2,1,0,0,2,0.8289,-600,,,,,
abdoulaye berthe ,1,1,0,0,1,0.465,-500,,,,,
Abdul Kabbani ,1,1,0,0,1,0.465,-500,,,,,
Ahzo ,1,1,0,0,1,0.465,-500,,,,,
Al Cooper ,6,1,0,0,6,2.2845,-500,,,,,
Al Viro ,47,6,0,0,47,17.7099,-500,,,,,
Alan Stern ,2,1,0,0,2,0.8289,-500,,,,,
Alex Deucher ,31,2,0,0,31,11.4831,-500,,,,,
Alexandre Ghiti ,2,1,0,0,2,0.8289,-500,,,,,
Alvin Lee ,3,1,0,0,3,1.1928,-500,,,,,
Amanda Liu ,1,1,0,0,1,0.465,-500,,,,,
Anatol Pomazau ,1,1,0,0,1,0.465,-500,,,,,
Andrew F. Davis ,5,2,0,0,5,2.0217,-500,,,,,
Anthony Koo ,2,1,0,0,2,0.8289,-500,,,,,
Aric Cyr ,6,1,0,0,6,2.2845,-500,,,,,
Ben Skeggs ,91,1,0,0,91,33.216,-500,,,,,
Bhawanpreet Lakha ,4,3,0,0,4,1.7589,-500,,,,,
Brandon Maier ,1,1,0,0,1,0.465,-500,,,,,
Brian Masney ,1,1,0,0,1,0.465,-500,,,,,
Charlene Liu ,1,1,0,0,1,0.465,-500,,,,,
Chris Mason ,1,1,0,0,1,0.465,-500,,,,,
Chris Park ,1,1,0,0,1,0.465,-500,,,,,
Chuck Lever ,17,4,0,0,17,6.5907,-500,,,,,
Dai Ngo ,1,1,0,0,1,0.465,-500,,,,,
Daniel Jordan ,2,1,0,0,2,0.8289,-500,,,,,
David Michael ,1,1,0,0,1,0.465,-500,,,,,
Dennis Dalessandro ,1,1,0,0,1,0.465,-500,,,,,
Dillon Brock ,1,1,0,0,1,0.465,-500,,,,,
Edwin Peer ,1,1,0,0,1,0.465,-500,,,,,
Eric Snowberg ,1,1,0,0,1,0.465,-500,,,,,
Eric Yang ,1,1,0,0,1,0.465,-500,,,,,
Felix Kuehling ,2,2,0,0,2,0.93,-500,,,,,
Frank A. Cancio Bello ,3,1,0,0,3,1.1928,-500,,,,,
Gabriel Krisman Bertazi ,3,1,0,0,3,1.1928,-500,,,,,
George Shen ,1,1,0,0,1,0.465,-500,,,,,
Gustavo A. R. Silva ,16,6,0,0,16,6.429,-500,,,,,
Haiyi Zhou ,1,1,0,0,1,0.465,-500,,,,,
Harry Wentland ,2,1,0,0,2,0.8289,-500,,,,,
Hersen Wu ,2,1,0,0,2,0.8289,-500,,,,,
Hewenliang ,1,1,0,0,1,0.465,-500,,,,,
Hillf Danton ,1,1,0,0,1,0.465,-500,,,,,
Isabel Zhang ,2,1,0,0,2,0.8289,-500,,,,,
James Zhu ,16,1,0,0,16,5.9235,-500,,,,,
Janosch Frank ,4,1,0,0,4,1.5567,-500,,,,,
Jason Baron ,1,1,0,0,1,0.465,-500,,,,,
Jeff Layton ,7,1,0,0,7,2.6484,-500,,,,,
Jeff Moyer ,1,1,0,0,1,0.465,-500,,,,,
Jeremy Cline ,1,1,0,0,1,0.465,-500,,,,,
Jerry (Fangzhi) Zuo ,1,1,0,0,1,0.465,-500,,,,,
Jon Maloy ,1,1,0,0,1,0.465,-500,,,,,
Jonathan Kim ,1,1,0,0,1,0.465,-500,,,,,
Josef Bacik ,19,6,0,0,19,7.5207,-500,,,,,
Joseph Gravenor ,1,1,0,0,1,0.465,-500,,,,,
Josip Pavic ,2,1,0,0,2,0.8289,-500,,,,,
Juliet Kim ,1,1,0,0,1,0.465,-500,,,,,
Jun Lei ,1,1,0,0,1,0.465,-500,,,,,
Kaike Wan ,2,2,0,0,2,0.93,-500,,,,,
Krish Sadhukhan ,1,1,0,0,1,0.465,-500,,,,,
Leo Liu ,2,1,0,0,2,0.8289,-500,,,,,
Liming Sun ,1,1,0,0,1,0.465,-500,,,,,
Lyude Paul ,10,3,0,0,10,3.9423,-500,,,,,
Martin Leung ,2,1,0,0,2,0.8289,-500,,,,,
Matt Coffin ,1,1,0,0,1,0.465,-500,,,,,
Matthew Wilcox (Oracle) ,5,1,0,0,5,1.9206,-500,,,,,
Michael Auchter ,1,1,0,0,1,0.465,-500,,,,,
Michael Chan ,12,6,0,0,12,4.9734,-500,,,,,
Michael S. Tsirkin ,1,1,0,0,1,0.465,-500,,,,,
Michael Strauss ,2,1,0,0,2,0.8289,-500,,,,,
Mike Gilbert ,1,1,0,0,1,0.465,-500,,,,,
Mike Marciniszyn ,1,1,0,0,1,0.465,-500,,,,,
Mike Snitzer ,6,3,0,0,6,2.4867,-500,,,,,
Mikita Lipski ,3,1,0,0,3,1.1928,-500,,,,,
Mimi Zohar ,1,1,1,1,1,1.2672,-500,,,,,
Navid Emamdoost ,1,1,0,0,1,0.465,-500,,,,,
Neal Cardwell ,1,1,0,0,1,0.465,-500,,,,,
Nicholas Kazlauskas ,12,1,0,0,12,4.4679,-500,,,,,
Nick Black ,1,1,0,0,1,0.465,-500,,,,,
Nicolas Pitre ,1,1,0,0,1,0.465,-500,,,,,
Nikola Cornij ,1,1,0,0,1,0.465,-500,,,,,
Noah Abradjian ,4,1,0,0,4,1.5567,-500,,,,,
Olga Kornievskaia ,4,2,0,0,4,1.6578,-500,,,,,
Paul Moore ,3,2,0,0,3,1.2939,-500,,,,,
Paul Thomas ,1,1,0,0,1,0.465,-500,,,,,
Pavan Chebbi ,1,1,0,0,1,0.465,-500,,,,,
Peter Xu ,5,2,0,0,5,2.0217,-500,,,,,
Peter Zijlstra (Intel) ,1,1,0,0,1,0.465,-500,,,,,
Pierre Morel ,1,1,0,0,1,0.465,-500,,,,,
Rodrigo Siqueira ,1,1,0,0,1,0.465,-500,,,,,
Roman Li ,2,1,0,0,2,0.8289,-500,,,,,
Sasha Levin ,1,1,0,0,1,0.465,-500,,,,,
Scott Mayhew ,8,2,0,0,8,3.1134,-500,,,,,
Scott Wood ,1,1,0,0,1,0.465,-500,,,,,
Sean Christopherson ,112,19,0,0,112,42.6777,-500,,,,,
Sean Paul ,2,1,0,0,2,0.8289,-500,,,,,
shaoyunl ,1,1,0,0,1,0.465,-500,,,,,
Shijie Luo ,4,1,0,0,4,1.5567,-500,,,,,
Simon Schwartz ,1,1,0,0,1,0.465,-500,,,,,
Stephen Smalley ,2,1,0,0,2,0.8289,-500,,,,,
Stephen Worley ,1,1,0,0,1,0.465,-500,,,,,
Sung Lee ,5,1,0,0,5,1.9206,-500,,,,,
Theodore Ts'o ,8,4,1,1,8,4.1178,-500,,,,,
Tianyu Lan ,1,1,0,0,1,0.465,-500,,,,,
Tom St Denis ,2,1,0,0,2,0.8289,-500,,,,,
Trond Myklebust ,56,7,0,0,56,21.0861,-500,,,,,
Valdis Klētnieks ,1,1,0,0,1,0.465,-500,,,,,
Vasundhara Volam ,12,5,0,0,12,4.8723,-500,,,,,
Vivek Goyal ,2,1,0,0,2,0.8289,-500,,,,,
Waiman Long ,4,2,0,0,4,1.6578,-500,,,,,
Wenjing Liu ,7,1,0,0,7,2.6484,-500,,,,,
Wyatt Wood ,3,1,0,0,3,1.1928,-500,,,,,
Xiubo Li ,16,2,0,0,16,6.0246,-500,,,,,
Yong Zhao ,3,1,0,0,3,1.1928,-500,,,,,
Yongqiang Sun ,4,1,0,0,4,1.5567,-500,,,,,
Zhan Liu ,2,1,0,0,2,0.8289,-500,,,,,
Byungchul Park ,1,1,0,0,1,0.465,-400,,,,,
Dmytro Laktyushkin ,1,1,0,0,1,0.465,-400,,,,,
Ilia Mirkin ,1,1,0,0,1,0.465,-400,,,,,
Joel Fernandes (Google) ,5,1,0,0,5,1.9206,-400,,,,,
Len Brown ,5,1,0,0,5,1.9206,-400,,,,,
Leon Romanovsky ,8,4,0,0,8,3.3156,-400,,,,,
Mathieu Desnoyers ,1,1,0,0,1,0.465,-400,,,,,
Nitesh Narayan Lal ,1,1,0,0,1,0.465,-400,,,,,
or: Alex Deucher ,1,1,0,0,1,0.465,-400,,,,,
Sven Van Asbroeck ,1,1,0,0,1,0.465,-400,,,,,
Tony Fischetti ,1,1,0,0,1,0.465,-400,,,,,
Willem de Bruijn ,4,2,0,0,4,1.6578,-400,,,,,
Alexandre Oliva ,1,1,0,0,1,0.465,-300,,,,,
Arnaldo Carvalho de Melo ,24,2,0,0,24,8.9358,-300,,,,,
Daniel W. S. Almeida ,12,1,0,0,12,4.4679,-300,,,,,
Desnes A. Nunes do Rosario ,1,1,0,0,1,0.465,-300,,,,,
Fabio Estevam ,1,1,0,0,1,0.465,-300,,,,,
Felipe Cardoso Resende ,1,1,0,0,1,0.465,-300,,,,,
Gustavo Luiz Duarte ,1,1,0,0,1,0.465,-300,,,,,
hor: Paulo Alcantara (SUSE) ,1,1,0,0,1,0.465,-300,,,,,
Jerónimo Borque ,1,1,0,0,1,0.465,-300,,,,,
Julio Faracco ,2,1,0,0,2,0.8289,-300,,,,,
Leonardo Bras ,2,1,0,0,2,0.8289,-300,,,,,
Marcos Paulo de Souza ,2,1,0,0,2,0.8289,-300,,,,,
Matheus Castello ,1,1,0,0,1,0.465,-300,,,,,
Paulo Alcantara (SUSE) ,9,3,1,1,9,4.3806,-300,,,,,
Thadeu Lima de Souza Cascardo ,1,1,0,0,1,0.465,-300,,,,,
Ajay Singh ,6,1,0,0,6,2.2845,0,,,,,
Alain Michaud ,3,1,0,0,3,1.1928,0,,,,,
Alan Maguire ,2,2,0,0,2,0.93,0,,,,,
Alex Maftei (amaftei) ,13,1,0,0,13,4.8318,0,,,,,
Alexandru Elisei ,1,1,0,0,1,0.465,0,,,,,
Andrei Vagin ,23,1,0,0,23,8.4708,0,,,,,
Andrew Murray ,2,2,0,0,2,0.93,0,,,,,
Anirudh Ghayal ,1,1,0,0,1,0.465,0,,,,,
Anurag Kumar Vulisha ,1,1,0,0,1,0.465,0,,,,,
Arthur Kiyanovski ,9,2,0,0,9,3.4773,0,,,,,
Ben Whitten ,1,1,0,0,1,0.465,0,,,,,
Boris Ostrovsky ,6,2,0,0,6,2.3856,0,,,,,
Boris Protopopov ,1,1,0,0,1,0.465,0,,,,,
Bryan O'Donoghue ,4,3,0,0,4,1.7589,0,,,,,
Catalin Marinas ,4,2,0,0,4,1.6578,0,,,,,
Charles Keepax ,12,3,0,0,12,4.6701,0,,,,,
Chris Wilson ,44,24,1,1,44,19.2402,0,,,,,
Christophe Leroy ,65,14,0,0,65,25.0689,0,,,,,
Chuansheng Liu ,1,1,0,0,1,0.465,0,,,,,
Codrin.Ciubotariu@microchip.com ,1,1,0,0,1,0.465,0,,,,,
Cristian Marussi ,2,2,0,0,2,0.93,0,,,,,
Dan Lazewatsky ,1,1,0,0,1,0.465,0,,,,,
Daniel Thompson ,1,1,0,0,1,0.465,0,,,,,
Dave Martin ,1,1,0,0,1,0.465,0,,,,,
David Howells ,21,12,0,0,21,8.8551,0,,,,,
David Woodhouse ,1,1,0,0,1,0.465,0,,,,,
Dmitry Monakhov ,3,1,0,0,3,1.1928,0,,,,,
Dmitry Safonov ,14,2,0,0,14,5.2968,0,,,,,
Dr. David Alan Gilbert ,5,1,0,0,5,1.9206,0,,,,,
Edward Cree ,1,1,0,0,1,0.465,0,,,,,
Eelco Chaudron ,1,1,0,0,1,0.465,0,,,,,
Emil Velikov ,3,1,0,0,3,1.1928,0,,,,,
Eugen Hristev ,2,2,0,0,2,0.93,0,,,,,
Filipe Laíns ,1,1,0,0,1,0.465,0,,,,,
Filipe Manana ,13,8,0,0,13,5.5395,0,,,,,
Frieder Schrempf ,1,1,0,0,1,0.465,0,,,,,
Ganapathi Bhat ,2,1,0,0,2,0.8289,0,,,,,
Grant Likely ,1,1,0,0,1,0.465,0,,,,,
Hou Pengyang ,1,1,0,0,1,0.465,0,,,,,
Ian Abbott ,2,2,0,0,2,0.93,0,,,,,
Igor Druzhinin ,3,1,0,0,3,1.1928,0,,,,,
Jack Mitchell ,1,1,0,0,1,0.465,0,,,,,
James Hughes ,1,1,0,0,1,0.465,0,,,,,
James Morse ,6,2,0,0,6,2.3856,0,,,,,
Jann Horn ,2,1,0,0,2,0.8289,0,,,,,
Jason Gunthorpe ,35,7,3,3,35,15.8508,0,,,,,
Jeremy Sowden ,11,1,0,0,11,4.104,0,,,,,
Jisheng Zhang ,2,1,0,0,2,0.8289,0,,,,,
Joakim Zhang ,3,1,0,0,3,1.1928,0,,,,,
Joe Thornber ,1,1,0,0,1,0.465,0,,,,,
John Fastabend ,12,9,0,0,12,5.2767,0,,,,,
John Keeping ,4,1,0,0,4,1.5567,0,,,,,
John Stultz ,3,1,0,0,3,1.1928,0,,,,,
Jon Hunter ,1,1,0,0,1,0.465,0,,,,,
Jules Irenge ,1,1,0,0,1,0.465,0,,,,,
Julien Thierry ,1,1,0,0,1,0.465,0,,,,,
Jun Li ,3,2,0,0,3,1.2939,0,,,,,
Kuniyuki Iwashima ,1,1,0,0,1,0.465,0,,,,,
Laurentiu Tudor ,2,1,0,0,2,0.8289,0,,,,,
Lee Jones ,1,1,1,1,1,1.2672,0,,,,,
Lorenz Bauer ,6,5,0,0,6,2.6889,0,,,,,
Lucas Tanure ,1,1,0,0,1,0.465,0,,,,,
Luo bin ,3,1,0,0,3,1.1928,0,,,,,
Malcolm Priestley ,6,2,0,0,6,2.3856,0,,,,,
Marc Zyngier ,21,6,0,0,21,8.2485,0,,,,,
Mark Brown ,21,2,14,13,21,18.615,0,,,,,
Mark Rutland ,11,3,0,0,11,4.3062,0,,,,,
Matthew Auld ,2,2,0,0,2,0.93,0,,,,,
Michal Wajdeczko ,4,1,0,0,4,1.5567,0,,,,,
Milind Parab ,1,1,0,0,1,0.465,0,,,,,
Nicholas Johnson ,9,1,0,0,9,3.3762,0,,,,,
Nicola Lunghi ,1,1,0,0,1,0.465,0,,,,,
Nishad Kamdar ,3,1,0,0,3,1.1928,0,,,,,
Oder Chiou ,1,1,0,0,1,0.465,0,,,,,
Oleksandr Suvorov ,2,2,0,0,2,0.93,0,,,,,
Omer Shpigelman ,1,1,0,0,1,0.465,0,,,,,
Orr Mazor ,1,1,0,0,1,0.465,0,,,,,
"Pan, Xinhui ",1,1,0,0,1,0.465,0,,,,,
Peng Fan ,3,2,0,0,3,1.2939,0,,,,,
Peter Robinson ,2,2,0,0,2,0.93,0,,,,,
Philippe Schenker ,1,1,0,0,1,0.465,0,,,,,
Prabhakar Kushwaha ,1,1,0,0,1,0.465,0,,,,,
Pratham Pratap ,1,1,0,0,1,0.465,0,,,,,
Qais Yousef ,2,2,0,0,2,0.93,0,,,,,
Quentin Deslandes ,1,1,0,0,1,0.465,0,,,,,
Rhys Perry ,1,1,0,0,1,0.465,0,,,,,
Richard Dodd ,1,1,0,0,1,0.465,0,,,,,
Richard Henderson ,11,1,0,0,11,4.104,0,,,,,
Robert Milkowski ,2,2,0,0,2,0.93,0,,,,,
Robin Murphy ,6,3,0,0,6,2.4867,0,,,,,
Russell King ,45,4,0,0,45,16.7799,0,,,,,
Sameeh Jubran ,3,2,0,0,3,1.2939,0,,,,,
Sameer Rahmani ,1,1,0,0,1,0.465,0,,,,,
Sergey Gorenko ,1,1,0,0,1,0.465,0,,,,,
Sergey Matyukevich ,6,1,0,0,6,2.2845,0,,,,,
Shyam Kumar Thella ,1,1,0,0,1,0.465,0,,,,,
Srinivas Kandagatla ,9,1,0,0,9,3.3762,0,,,,,
Steven Price ,28,1,0,0,28,10.2903,0,,,,,
Sunil Muthuswamy ,1,1,0,0,1,0.465,0,,,,,
Suzuki K Poulose ,7,2,0,0,7,2.7495,0,,,,,
Sven Auhagen ,1,1,0,0,1,0.465,0,,,,,
Taehee Yoo ,19,13,0,0,19,8.2284,0,,,,,
Tom Zhao ,1,1,0,0,1,0.465,0,,,,,
Tudor Ambarus ,2,2,0,0,2,0.93,0,,,,,
Tvrtko Ursulin ,3,2,0,0,3,1.2939,0,,,,,
Tyler Hicks ,3,1,0,0,3,1.1928,0,,,,,
Vadim Pasternak ,21,5,0,0,21,8.1474,0,,,,,
Valentin Schneider ,1,1,0,0,1,0.465,0,,,,,
Vladimir Murzin ,5,2,0,0,5,2.0217,0,,,,,
"Wang, Peng 1. (NSB - CN/Hangzhou) ",1,1,0,0,1,0.465,0,,,,,
Wei Liu ,2,1,0,0,2,0.8289,0,,,,,
Wei Yongjun ,5,5,0,0,5,2.325,0,,,,,
Wenwen Wang ,3,1,0,0,3,1.1928,0,,,,,
Xu Wang ,2,1,0,0,2,0.8289,0,,,,,
Yangtao Li ,19,2,0,0,19,7.1163,0,,,,,
Yazen Ghannam ,5,1,0,0,5,1.9206,0,,,,,
YueHaibing ,33,7,0,0,33,12.7164,0,,,,,
Zak Hays ,2,1,0,0,2,0.8289,0,,,,,
Adam Williamson ,1,1,0,0,1,0.465,100,,,,,
Ahmad Fatoum ,1,1,0,0,1,0.465,100,,,,,
Alain Volmat ,1,1,0,0,1,0.465,100,,,,,
Alex Sverdlin ,1,1,0,0,1,0.465,100,,,,,
Alexandra Winter ,1,1,0,0,1,0.465,100,,,,,
Alexandre Belloni ,16,4,0,0,16,6.2268,100,,,,,
Amadeusz S??awiński ,10,2,0,0,10,3.8412,100,,,,,
Amelie Delaunay ,1,1,0,0,1,0.465,100,,,,,
André Hentschel ,2,1,0,0,2,0.8289,100,,,,,
Andrea Parri ,3,1,0,0,3,1.1928,100,,,,,
Andreas Gruenbacher ,4,2,0,0,4,1.6578,100,,,,,
Andreas Kemnade ,1,1,0,0,1,0.465,100,,,,,
Andreas Larsson ,1,1,0,0,1,0.465,100,,,,,
Andrei Otcheretianski ,3,1,0,0,3,1.1928,100,,,,,
Andrew Jones ,1,1,0,0,1,0.465,100,,,,,
Andrew Lunn ,6,5,0,0,6,2.6889,100,,,,,
Andrey Shvetsov ,1,1,0,0,1,0.465,100,,,,,
Anilkumar Kolli ,1,1,0,0,1,0.465,100,,,,,
Anshuman Khandual ,6,1,0,0,6,2.2845,100,,,,,
Anthony Mallet ,2,2,0,0,2,0.93,100,,,,,
Antoine Tenart ,11,2,0,0,11,4.2051,100,,,,,
Arnaud Pouliquen ,1,1,0,0,1,0.465,100,,,,,
Artem Savkov ,1,1,0,0,1,0.465,100,,,,,
Arthur Heymans ,2,1,0,0,2,0.8289,100,,,,,
Arvind Sankar ,32,1,0,0,32,11.7459,100,,,,,
Aurelien Aptel ,4,2,0,0,4,1.6578,100,,,,,
Bean Huo ,9,2,0,0,9,3.4773,100,,,,,
Ben Dooks ,1,1,0,0,1,0.465,100,,,,,
Benjamin Block ,1,1,0,0,1,0.465,100,,,,,
Benjamin Thiel ,1,1,0,0,1,0.465,100,,,,,
Bernard Metzler ,2,2,0,0,2,0.93,100,,,,,
Biju Das ,1,1,0,0,1,0.465,100,,,,,
Bingbu Cao ,2,1,0,0,2,0.8289,100,,,,,
Bj??rn Mork ,2,2,0,0,2,0.93,100,,,,,
Bj??rn T??pel ,1,1,0,0,1,0.465,100,,,,,
Bob Peterson ,1,1,0,0,1,0.465,100,,,,,
Boris Brezillon ,3,2,0,0,3,1.2939,100,,,,,
Borislav Petkov ,4,2,0,0,4,1.6578,100,,,,,
Carlo Nonato ,1,1,0,0,1,0.465,100,,,,,
Carlos Maiolino ,5,1,0,0,5,1.9206,100,,,,,
Cezary Rojewski ,2,2,0,0,2,0.93,100,,,,,
Christian Borntraeger ,8,5,0,0,8,3.4167,100,,,,,
Christian Brauner ,5,4,0,0,5,2.2239,100,,,,,
Christian Gromm ,10,1,0,0,10,3.7401,100,,,,,
Christian K??nig ,2,1,0,0,2,0.8289,100,,,,,
Christian Lachner ,1,1,0,0,1,0.465,100,,,,,
Christoffer Dall ,1,1,0,0,1,0.465,100,,,,,
Christophe JAILLET ,8,6,0,0,8,3.5178,100,,,,,
Christophe Roullier ,1,1,0,0,1,0.465,100,,,,,
Clément Péron ,1,1,0,0,1,0.465,100,,,,,
Corentin Labbe ,5,5,0,0,5,2.325,100,,,,,
Cyril Hrubis ,1,1,0,0,1,0.465,100,,,,,
Dafna Hirschfeld ,3,2,0,0,3,1.2939,100,,,,,
Damian van Soelen ,1,1,0,0,1,0.465,100,,,,,
Dan Williams ,6,1,0,0,6,2.2845,100,,,,,
Daniel Borkmann ,6,2,5,5,6,6.3966,100,,,,,
Daniel Díaz ,1,1,0,0,1,0.465,100,,,,,
Daniel Kolesa ,1,1,0,0,1,0.465,100,,,,,
Daniel Lezcano ,6,1,0,0,6,2.2845,100,,,,,
Daniel Vetter ,5,1,0,0,5,1.9206,100,,,,,
Daniel Wagner ,3,1,0,0,3,1.1928,100,,,,,
Daniele Palmas ,2,1,0,0,2,0.8289,100,,,,,
David Engraf ,1,1,0,0,1,0.465,100,,,,,
Davide Caratti ,6,6,0,0,6,2.79,100,,,,,
Dirk Behme ,1,1,0,0,1,0.465,100,,,,,
Dominik Czarnota ,1,1,0,0,1,0.465,100,,,,,
Enric Balletbo i Serra ,3,2,0,0,3,1.2939,100,,,,,
Eric Auger ,9,4,0,0,9,3.6795,100,,,,,
Erik Bussing ,1,1,0,0,1,0.465,100,,,,,
Erwan Velu ,1,1,0,0,1,0.465,100,,,,,
Esben Haabendal ,6,3,0,0,6,2.4867,100,,,,,
Etienne Carriere ,3,1,0,0,3,1.1928,100,,,,,
Eugene Syromiatnikov ,1,1,0,0,1,0.465,100,,,,,
Eugenio Pérez ,1,1,0,0,1,0.465,100,,,,,
Eugeniu Rosca ,3,3,0,0,3,1.395,100,,,,,
Ezequiel Garcia ,1,1,0,0,1,0.465,100,,,,,
Fabrice Gasnier ,3,3,0,0,3,1.395,100,,,,,
Felix Fietkau ,4,4,0,0,4,1.86,100,,,,,
Firo Yang ,1,1,0,0,1,0.465,100,,,,,
Florent Revest ,1,1,0,0,1,0.465,100,,,,,
Frederic Barrat ,12,2,0,0,12,4.569,100,,,,,
Geert Uytterhoeven ,36,12,0,0,36,14.3136,100,,,,,
Gerald Schaefer ,2,2,0,0,2,0.93,100,,,,,
Gerd Hoffmann ,5,2,0,0,5,2.0217,100,,,,,
Gilles Buloz ,2,1,0,0,2,0.8289,100,,,,,
Guido Günther ,1,1,0,0,1,0.465,100,,,,,
Guillaume La Roque ,3,2,0,0,3,1.2939,100,,,,,
Guillaume Nault ,4,1,0,0,4,1.5567,100,,,,,
Guoqing Jiang ,13,1,0,0,13,4.8318,100,,,,,
H. Nikolaus Schaller ,2,1,0,0,2,0.8289,100,,,,,
H??kon Bugge ,1,1,0,0,1,0.465,100,,,,,
Halil Pasic ,2,2,0,0,2,0.93,100,,,,,
Hannes Reinecke ,3,1,0,0,3,1.1928,100,,,,,
Hanno Zulla ,3,1,0,0,3,1.1928,100,,,,,
Hans de Goede ,12,2,0,0,12,4.569,100,,,,,
Hans Wippel ,1,1,0,0,1,0.465,100,,,,,
Hardik Gajjar ,1,1,0,0,1,0.465,100,,,,,
Hauke Mehrtens ,1,1,0,0,1,0.465,100,,,,,
Heiko Stuebner ,2,1,0,0,2,0.8289,100,,,,,
Heiner Kallweit ,27,3,0,0,27,10.1286,100,,,,,
Helge Deller ,1,1,0,0,1,0.465,100,,,,,
Horatiu Vultur ,1,1,0,0,1,0.465,100,,,,,
Ilya Dryomov ,1,1,0,0,1,0.465,100,,,,,
Ingo Molnar ,17,1,17,17,17,19.9248,100,,,,,
Jacek Anaszewski ,1,1,0,0,1,0.465,100,,,,,
Jakub Sitnicki ,5,3,0,0,5,2.1228,100,,,,,
Jan H. Sch??nherr ,3,1,0,0,3,1.1928,100,,,,,
Jan Kara ,6,4,0,0,6,2.5878,100,,,,,
Jaroslav Kysela ,1,1,0,0,1,0.465,100,,,,,
Jason A. Donenfeld ,34,5,0,0,34,12.8781,100,,,,,
Javier Martinez Canillas ,1,1,0,0,1,0.465,100,,,,,
Jayshri Pawar ,1,1,0,0,1,0.465,100,,,,,
Jean Delvare ,1,1,0,0,1,0.465,100,,,,,
Jean Pihet ,3,1,0,0,3,1.1928,100,,,,,
Jean-Baptiste Maneyrol ,1,1,0,0,1,0.465,100,,,,,
Jean-Philippe Brucker ,14,2,0,0,14,5.2968,100,,,,,
Jér??me Pouiller ,70,4,0,0,70,25.8774,100,,,,,
Jernej Skrabec ,5,5,0,0,5,2.325,100,,,,,
Jerome Brunet ,1,1,0,0,1,0.465,100,,,,,
Jesper Dangaard Brouer ,2,2,0,0,2,0.93,100,,,,,
Jessica Yu ,3,2,0,0,3,1.2939,100,,,,,
Jethro Beekman ,1,1,0,0,1,0.465,100,,,,,
Jim Quinlan ,3,1,0,0,3,1.1928,100,,,,,
Jiri Benc ,2,1,0,0,2,0.8289,100,,,,,
Jiri Kosina ,2,1,2,2,2,2.4333,100,,,,,
Jiri Olsa ,11,3,0,0,11,4.3062,100,,,,,
Jiri Slaby ,4,2,0,0,4,1.6578,100,,,,,
Jiri Wiesner ,2,2,0,0,2,0.93,100,,,,,
Joerg Roedel ,9,4,2,2,9,5.2839,100,,,,,
Johan Jonker ,9,1,0,0,9,3.3762,100,,,,,
Johan Korsnes ,2,1,0,0,2,0.8289,100,,,,,
Johannes Krude ,1,1,0,0,1,0.465,100,,,,,
Johannes Thumshirn ,7,1,0,0,7,2.6484,100,,,,,
John Crispin ,1,1,0,0,1,0.465,100,,,,,
Jonas Gorski ,1,1,0,0,1,0.465,100,,,,,
Jonas Karlman ,1,1,0,0,1,0.465,100,,,,,
Jonas Meurer ,1,1,0,0,1,0.465,100,,,,,
Jonathan Neusch??fer ,9,2,0,0,9,3.4773,100,,,,,
Jordy Ubink ,1,1,0,0,1,0.465,100,,,,,
Jose Abreu ,16,8,0,0,16,6.6312,100,,,,,
Jozsef Kadlecsik ,2,1,0,0,2,0.8289,100,,,,,
Juergen Gross ,6,5,0,0,6,2.6889,100,,,,,
Julia Lawall ,5,1,0,0,5,1.9206,100,,,,,
Julian Wiedmann ,17,5,0,0,17,6.6918,100,,,,,
Julien Masson ,1,1,0,0,1,0.465,100,,,,,
Kadlecsik József ,2,1,0,0,2,0.8289,100,,,,,
Kars de Jong ,1,1,0,0,1,0.465,100,,,,,
Karsten Graul ,2,1,0,0,2,0.8289,100,,,,,
kbuild test robot ,2,2,0,0,2,0.93,100,,,,,
Kees Cook ,11,4,0,0,11,4.4073,100,,,,,
Kent Gustavsson ,1,1,0,0,1,0.465,100,,,,,
Khouloud Touil ,1,1,0,0,1,0.465,100,,,,,
KP Singh ,1,1,0,0,1,0.465,100,,,,,
Kristian Evensen ,3,2,0,0,3,1.2939,100,,,,,
Krzysztof Kozlowski ,36,2,0,0,36,13.3026,100,,,,,
Lars M??llendorf ,1,1,0,0,1,0.465,100,,,,,
Linus Walleij ,28,5,12,12,28,20.3211,100,,,,,
Loic Poulain ,1,1,0,0,1,0.465,100,,,,,
Lorenzo Bianconi ,9,7,0,0,9,3.9828,100,,,,,
Lubomir Rintel ,3,2,0,0,3,1.2939,100,,,,,
Luc Van Oostenryck ,3,1,0,0,3,1.1928,100,,,,,
Luis Henriques ,2,2,0,0,2,0.93,100,,,,,
Lukas Bulwahn ,8,4,0,0,8,3.3156,100,,,,,
Lukas Wunner ,9,3,0,0,9,3.5784,100,,,,,
Maarten Lankhorst ,1,1,2,2,1,2.0694,100,,,,,
Maciej Fijalkowski ,3,3,0,0,3,1.395,100,,,,,
Maciej S. Szmigiero ,2,1,0,0,2,0.8289,100,,,,,
Magnus Karlsson ,2,1,0,0,2,0.8289,100,,,,,
Maoguang Meng ,1,1,0,0,1,0.465,100,,,,,
Marcel Holtmann ,3,1,0,0,3,1.1928,100,,,,,
Marcel Ziswiler ,1,1,0,0,1,0.465,100,,,,,
Marco Elver ,1,1,0,0,1,0.465,100,,,,,
Marek Behún ,1,1,0,0,1,0.465,100,,,,,
Marek Marczykowski-Górecki ,1,1,0,0,1,0.465,100,,,,,
Marek Szyprowski ,10,5,0,0,10,4.1445,100,,,,,
Mario Kleiner ,4,1,0,0,4,1.5567,100,,,,,
Markus Reichl ,1,1,0,0,1,0.465,100,,,,,
Markus Theil ,1,1,0,0,1,0.465,100,,,,,
Martijn Coenen ,1,1,0,0,1,0.465,100,,,,,
Martin Blumenstingl ,3,1,0,0,3,1.1928,100,,,,,
Martin Fuzzey ,2,1,0,0,2,0.8289,100,,,,,
Martin Kepplinger ,1,1,0,0,1,0.465,100,,,,,
Martin Schiller ,2,1,0,0,2,0.8289,100,,,,,
Mateusz Nosek ,2,1,0,0,2,0.8289,100,,,,,
Mathias Kresin ,1,1,0,0,1,0.465,100,,,,,
Matteo Croce ,3,2,0,0,3,1.2939,100,,,,,
Matthew Garrett ,1,1,0,0,1,0.465,100,,,,,
Matthias Brugger ,1,1,1,1,1,1.2672,100,,,,,
Matthias Fend ,1,1,0,0,1,0.465,100,,,,,
Matthias Reichl ,1,1,0,0,1,0.465,100,,,,,
Matthieu Baerts ,3,3,0,0,3,1.395,100,,,,,
Mauro Carvalho Chehab ,34,1,1,1,34,13.2759,100,,,,,
Mauro Rossi ,1,1,0,0,1,0.465,100,,,,,
Maxime Ripard ,4,4,0,0,4,1.86,100,,,,,
Micha?? Miros??aw ,9,4,0,0,9,3.6795,100,,,,,
Micha?? Winiarski ,2,1,0,0,2,0.8289,100,,,,,
Michael Grzeschik ,1,1,0,0,1,0.465,100,,,,,
Michael Petlan ,1,1,0,0,1,0.465,100,,,,,
Michael Straube ,14,1,0,0,14,5.1957,100,,,,,
Michael Walle ,13,4,0,0,13,5.1351,100,,,,,
Michal Koutn?? ,2,1,0,0,2,0.8289,100,,,,,
Michal Kubecek ,9,2,0,0,9,3.4773,100,,,,,
Michal Rostecki ,1,1,0,0,1,0.465,100,,,,,
Miguel Ojeda ,1,1,0,0,1,0.465,100,,,,,
Miklos Szeredi ,7,6,0,0,7,3.1539,100,,,,,
Mikulas Patocka ,11,5,0,0,11,4.5084,100,,,,,
Milan Broz ,2,2,0,0,2,0.93,100,,,,,
Milan Pandurov ,1,1,0,0,1,0.465,100,,,,,
Miquel Raynal ,5,1,2,2,5,3.525,100,,,,,
Miroslav Benes ,3,1,0,0,3,1.1928,100,,,,,
Nariman Etemadi ,1,1,0,0,1,0.465,100,,,,,
Nicolai Stange ,2,2,0,0,2,0.93,100,,,,,
Nicolas Belin ,1,1,0,0,1,0.465,100,,,,,
Nicolas Cavallari ,1,1,0,0,1,0.465,100,,,,,
Nicolas Dichtel ,2,1,0,0,2,0.8289,100,,,,,
Nicolas Ferre ,2,2,0,0,2,0.93,100,,,,,
Nicolas Saenz Julienne ,9,4,0,0,9,3.6795,100,,,,,
Niklas Cassel ,1,1,0,0,1,0.465,100,,,,,
Niklas S??derlund ,4,1,0,0,4,1.5567,100,,,,,
Niklas Schnelle ,3,1,0,0,3,1.1928,100,,,,,
Nirmoy Das ,8,1,0,0,8,3.0123,100,,,,,
Ole Wiedemann ,1,1,0,0,1,0.465,100,,,,,
Oliver Neukum ,1,1,0,0,1,0.465,100,,,,,
Olivier Moysan ,5,2,0,0,5,2.0217,100,,,,,
Ondrej Mosnacek ,5,3,0,0,5,2.1228,100,,,,,
Pablo Neira Ayuso ,18,8,1,1,18,8.1612,100,,,,,
Pali Rohár ,2,1,0,0,2,0.8289,100,,,,,
Paolo Bonzini ,29,4,7,7,29,16.5729,100,,,,,
Paolo Lungaroni ,1,1,0,0,1,0.465,100,,,,,
Paolo Valente ,7,1,0,0,7,2.6484,100,,,,,
Pascal Paillet ,6,1,0,0,6,2.2845,100,,,,,
Patrice Chotard ,1,1,0,0,1,0.465,100,,,,,
Patrick Rudolph ,1,1,0,0,1,0.465,100,,,,,
Paul Cercueil ,14,3,0,0,14,5.3979,100,,,,,
Paul Kocialkowski ,1,1,0,0,1,0.465,100,,,,,
Pavel ,1,1,0,0,1,0.465,100,,,,,
Pavel Machek ,2,1,0,0,2,0.8289,100,,,,,
Per Forlin ,2,1,0,0,2,0.8289,100,,,,,
Peter Gro??e ,1,1,0,0,1,0.465,100,,,,,
Petr ??tetiar ,1,1,0,0,1,0.465,100,,,,,
Petr Mladek ,5,1,0,0,5,1.9206,100,,,,,
Petr Pavlu ,1,1,0,0,1,0.465,100,,,,,
Petr Vorel ,1,1,0,0,1,0.465,100,,,,,
Phil Elwell ,1,1,0,0,1,0.465,100,,,,,
Phong LE ,1,1,0,0,1,0.465,100,,,,,
Rafa?? Mi??ecki ,2,1,0,0,2,0.8289,100,,,,,
Rafael J. Wysocki ,44,5,25,25,44,36.5721,100,,,,,
Rasmus Villemoes ,6,1,0,0,6,2.2845,100,,,,,
Reinhard Speyerer ,1,1,0,0,1,0.465,100,,,,,
Remi Pommarel ,1,1,0,0,1,0.465,100,,,,,
Reto Schneider ,3,1,0,0,3,1.1928,100,,,,,
Richard Palethorpe ,1,1,0,0,1,0.465,100,,,,,
Rikard Falkeborn ,1,1,0,0,1,0.465,100,,,,,
Robert Marko ,2,1,0,0,2,0.8289,100,,,,,
Robert Richter ,2,2,0,0,2,0.93,100,,,,,
Roberto Bergantinos Corpas ,1,1,0,0,1,0.465,100,,,,,
Roberto Sassu ,1,1,0,0,1,0.465,100,,,,,
Roland Scheidegger ,1,1,0,0,1,0.465,100,,,,,
Samuel Thibault ,1,1,0,0,1,0.465,100,,,,,
Saravanan Sekar ,1,1,0,0,1,0.465,100,,,,,
Sascha Hauer ,2,2,0,0,2,0.93,100,,,,,
Sebastian Andrzej Siewior ,5,2,0,0,5,2.0217,100,,,,,
Sébastien Szymanski ,1,1,0,0,1,0.465,100,,,,,
SeongJae Park ,11,1,0,0,11,4.104,100,,,,,
Stefan Haberland ,1,1,0,0,1,0.465,100,,,,,
Stefan Metzmacher ,1,1,0,0,1,0.465,100,,,,,
Stefan Wahren ,7,2,0,0,7,2.7495,100,,,,,
Stefano Brivio ,9,2,0,0,9,3.4773,100,,,,,
Stefano Garzarella ,3,3,0,0,3,1.395,100,,,,,
Steffen Klassert ,4,1,0,0,4,1.5567,100,,,,,
Stephan Gerhold ,12,5,0,0,12,4.8723,100,,,,,
Stephen Kitt ,4,1,0,0,4,1.5567,100,,,,,
Sven Eckelmann ,2,2,0,0,2,0.93,100,,,,,
Sven Schnelle ,3,1,0,0,3,1.1928,100,,,,,
Takashi Iwai ,50,17,11,8,50,27.3582,100,,,,,
Thierry Reding ,19,3,0,0,19,7.2174,100,,,,,
Thomas Bogendoerfer ,8,4,0,0,8,3.3156,100,,,,,
Thomas Gleixner ,18,6,5,5,18,11.1678,100,,,,,
Thomas Hellstrom ,5,1,0,0,5,1.9206,100,,,,,
Thomas Renninger ,1,1,0,0,1,0.465,100,,,,,
Thomas Richter ,6,1,1,1,6,3.0867,100,,,,,
Thomas Zimmermann ,1,1,0,0,1,0.465,100,,,,,
Thommy Jakobsson ,1,1,0,0,1,0.465,100,,,,,
Tobias Klauser ,2,2,0,0,2,0.93,100,,,,,
Tobias Schramm ,1,1,0,0,1,0.465,100,,,,,
Toke H??iland-J??rgensen ,17,9,0,0,17,7.0962,100,,,,,
Tomas Henzl ,1,1,0,0,1,0.465,100,,,,,
Tomas Novotny ,2,2,0,0,2,0.93,100,,,,,
Tomas Paukrt ,1,1,0,0,1,0.465,100,,,,,
Tomasz Duszynski ,1,1,0,0,1,0.465,100,,,,,
Ulf Hansson ,15,3,2,1,15,6.9063,100,,,,,
Ulrich Weber ,2,2,0,0,2,0.93,100,,,,,
Ursula Braun ,3,3,0,0,3,1.395,100,,,,,
Vasily Gorbik ,4,1,1,1,4,2.3589,100,,,,,
Vincent Guittot ,4,2,0,0,4,1.6578,100,,,,,
Vincent Prince ,1,1,0,0,1,0.465,100,,,,,
Vincent Whitchurch ,2,1,0,0,2,0.8289,100,,,,,
Vincenzo Frascino ,14,4,0,0,14,5.499,100,,,,,
Vitaly Kuznetsov ,8,2,0,0,8,3.1134,100,,,,,
Vladis Dronov ,4,3,0,0,4,1.7589,100,,,,,
Will Deacon ,17,5,4,4,17,9.9006,100,,,,,
William Dauchy ,3,1,0,0,3,1.1928,100,,,,,
Wolfram Sang ,24,5,4,4,24,12.4479,100,,,,,
Yuti Amonkar ,1,1,0,0,1,0.465,100,,,,,
Aaro Koskinen ,2,2,0,0,2,0.93,200,,,,,
Adrian Hunter ,2,1,0,0,2,0.8289,200,,,,,
Aharon Landau ,1,1,0,0,1,0.465,200,,,,,
Alberto Mattea ,1,1,0,0,1,0.465,200,,,,,
Alex Marginean ,6,2,0,0,6,2.3856,200,,,,,
Alexander Shishkin ,4,4,0,0,4,1.86,200,,,,,
Alexandru Tachici ,4,2,0,0,4,1.6578,200,,,,,
Amir Goldstein ,10,4,0,0,10,4.0434,200,,,,,
Amit Cohen ,16,2,0,0,16,6.0246,200,,,,,
Artemy Kovalyov ,2,2,0,0,2,0.93,200,,,,,
Avihai Horon ,2,2,0,0,2,0.93,200,,,,,
Avraham Stern ,1,1,0,0,1,0.465,200,,,,,
Aya Levin ,4,3,0,0,4,1.7589,200,,,,,
Beniamin Bia ,4,2,0,0,4,1.6578,200,,,,,
Claudiu Beznea ,23,1,0,0,23,8.4708,200,,,,,
Daniel Golle ,1,1,0,0,1,0.465,200,,,,,
Danit Goldberg ,1,1,0,0,1,0.465,200,,,,,
David Sterba ,8,2,0,0,8,3.1134,200,,,,,
Dmytro Linkin ,2,2,0,0,2,0.93,200,,,,,
Dor Askayo ,1,1,0,0,1,0.465,200,,,,,
Dragos Tarcatu ,2,2,0,0,2,0.93,200,,,,,
Eli Cohen ,1,1,0,0,1,0.465,200,,,,,
Emmanuel Grumbach ,2,2,0,0,2,0.93,200,,,,,
Erez Shitrit ,3,3,0,0,3,1.395,200,,,,,
Eyal Birger ,1,1,0,0,1,0.465,200,,,,,
Fabian Frederick ,1,1,0,0,1,0.465,200,,,,,
Gal Pressman ,4,2,0,0,4,1.6578,200,,,,,
Georgi Djakov ,1,1,0,0,1,0.465,200,,,,,
Gilad Ben-Yossef ,8,2,0,0,8,3.1134,200,,,,,
Golan Ben Ami ,1,1,0,0,1,0.465,200,,,,,
Greg Kurz ,3,1,0,0,3,1.1928,200,,,,,
Grygorii Strashko ,9,2,0,0,9,3.4773,200,,,,,
Hadar Gat ,2,1,0,0,2,0.8289,200,,,,,
Hamdan Igbaria ,4,2,0,0,4,1.6578,200,,,,,
Hans Westgaard Ry ,3,1,0,0,3,1.1928,200,,,,,
Harald Freudenberger ,11,2,0,0,11,4.2051,200,,,,,
Horia Geant?? ,3,2,0,0,3,1.2939,200,,,,,
Ido Schimmel ,21,9,0,0,21,8.5518,200,,,,,
Ilie Halip ,1,1,0,0,1,0.465,200,,,,,
Ioana Ciornei ,1,1,0,0,1,0.465,200,,,,,
Israel Rukshin ,2,1,0,0,2,0.8289,200,,,,,
Jack Morgenstein ,1,1,0,0,1,0.465,200,,,,,
Jani Nikula ,8,3,5,5,8,7.2255,200,,,,,
Janne Karhunen ,1,1,0,0,1,0.465,200,,,,,
Jari Ruusu ,1,1,0,0,1,0.465,200,,,,,
Jarkko Nikula ,3,2,0,0,3,1.2939,200,,,,,
Jarkko Sakkinen ,1,1,0,0,1,0.465,200,,,,,
Jiri Pirko ,10,2,0,0,10,3.8412,200,,,,,
Johannes Berg ,9,3,0,0,9,3.5784,200,,,,,
Jouni Hogander ,1,1,0,0,1,0.465,200,,,,,
Jouni Malinen ,1,1,0,0,1,0.465,200,,,,,
Jyri Sarha ,1,1,0,0,1,0.465,200,,,,,
Kalle Valo ,3,1,3,3,3,3.5994,200,,,,,
Kamal Heib ,1,1,0,0,1,0.465,200,,,,,
Lars-Peter Clausen ,1,1,0,0,1,0.465,200,,,,,
Leonard Crestez ,7,7,0,0,7,3.255,200,,,,,
Luca Coelho ,1,1,0,0,1,0.465,200,,,,,
Madalin Bucur ,9,1,0,0,9,3.3762,200,,,,,
Maor Gottlieb ,3,3,0,0,3,1.395,200,,,,,
Mark Zhang ,2,2,0,0,2,0.93,200,,,,,
Mathias Nyman ,5,2,0,0,5,2.0217,200,,,,,
Matti Vaittinen ,11,2,0,0,11,4.2051,200,,,,,
Max Gurtovoy ,1,1,0,0,1,0.465,200,,,,,
Maxim Mikityanskiy ,2,1,0,0,2,0.8289,200,,,,,
Meir Lichtinger ,1,1,0,0,1,0.465,200,,,,,
Michael Guralnik ,8,3,0,0,8,3.2145,200,,,,,
Michal Kalderon ,14,2,0,0,14,5.2968,200,,,,,
Mika Westerberg ,31,5,0,0,31,11.7864,200,,,,,
Mike Rapoport ,3,1,0,0,3,1.1928,200,,,,,
Mohammed Gamal ,1,1,0,0,1,0.465,200,,,,,
Moni Shoua ,5,1,0,0,5,1.9206,200,,,,,
Mordechay Goodstein ,1,1,0,0,1,0.465,200,,,,,
Moshe Shemesh ,1,1,0,0,1,0.465,200,,,,,
Niko Kortstrom ,1,1,0,0,1,0.465,200,,,,,
Nikolay Aleksandrov ,14,3,0,0,14,5.3979,200,,,,,
Nikolay Borisov ,13,3,0,0,13,5.034,200,,,,,
Nuno Sá ,2,1,0,0,2,0.8289,200,,,,,
Oded Gabbay ,2,1,0,0,2,0.8289,200,,,,,
Ofir Drang ,1,1,0,0,1,0.465,200,,,,,
or: Peter Rosin ,2,1,0,0,2,0.8289,200,,,,,
Parav Pandit ,2,1,0,0,2,0.8289,200,,,,,
Paul Blakey ,14,5,0,0,14,5.6001,200,,,,,
Petr Machata ,17,4,0,0,17,6.5907,200,,,,,
Raed Salem ,2,2,0,0,2,0.93,200,,,,,
Razvan Stefanescu ,1,1,0,0,1,0.465,200,,,,,
Roger Quadros ,4,1,0,0,4,1.5567,200,,,,,
Sakari Ailus ,2,1,0,0,2,0.8289,200,,,,,
Sandeep Sheriker Mallikarjun ,1,1,0,0,1,0.465,200,,,,,
Sara Sharon ,1,1,0,0,1,0.465,200,,,,,
Sasha Neftin ,5,1,0,0,5,1.9206,200,,,,,
Sergey Zakharchenko ,1,1,0,0,1,0.465,200,,,,,
Shay Bar ,1,1,0,0,1,0.465,200,,,,,
Stanislav Lisovskiy ,1,1,0,0,1,0.465,200,,,,,
Stefan Mavrodiev ,1,1,0,0,1,0.465,200,,,,,
Stefan Popa ,1,1,0,0,1,0.465,200,,,,,
Steven Rostedt (VMware) ,26,11,0,0,26,10.5735,200,,,,,
Su Yue ,2,1,0,0,2,0.8289,200,,,,,
Tariq Toukan ,5,4,0,0,5,2.2239,200,,,,,
Tomas Winkler ,2,1,0,0,2,0.8289,200,,,,,
Tomer Maimon ,4,1,0,0,4,1.5567,200,,,,,
Tomi Valkeinen ,2,1,0,0,2,0.8289,200,,,,,
Tommi Rantala ,3,1,0,0,3,1.1928,200,,,,,
Uwe Kleine-K??nig ,10,2,0,0,10,3.8412,200,,,,,
Vignesh Raghavendra ,7,2,0,0,7,2.7495,200,,,,,
Ville Syrj??l?? ,5,3,0,0,5,2.1228,200,,,,,
Vitor Soares ,1,1,0,0,1,0.465,200,,,,,
Vlad Buslov ,3,1,0,0,3,1.1928,200,,,,,
Vladimir Oltean ,8,7,0,0,8,3.6189,200,,,,,
Wei Li ,4,1,0,0,4,1.5567,200,,,,,
Yevgeny Kliteynik ,1,1,0,0,1,0.465,200,,,,,
Yishai Hadas ,6,2,0,0,6,2.3856,200,,,,,
Yonatan Cohen ,1,1,0,0,1,0.465,200,,,,,
Zhu Yanjun ,1,1,0,0,1,0.465,200,,,,,
Alexander Lobakin ,10,4,0,0,10,4.0434,300,,,,,
Alexander Tsoy ,3,1,0,0,3,1.1928,300,,,,,
Cengiz Can ,3,3,0,0,3,1.395,300,,,,,
Dan Carpenter ,35,28,0,0,35,15.5673,300,,,,,
dan.carpenter@oracle.com ,1,1,0,0,1,0.465,300,,,,,
Dmitry Bezrukov ,1,1,0,0,1,0.465,300,,,,,
Dmitry Bogdanov ,3,3,0,0,3,1.395,300,,,,,
Dmitry Osipenko ,18,3,0,0,18,6.8535,300,,,,,
Dmitry Yakunin ,2,1,0,0,2,0.8289,300,,,,,
Egor Pomozov ,1,1,0,0,1,0.465,300,,,,,
Eran Ben Elisha ,3,1,0,0,3,1.1928,300,,,,,
Eugeniy Paltsev ,2,1,0,0,2,0.8289,300,,,,,
Heikki Krogerus ,3,2,0,0,3,1.2939,300,,,,,
Igor Russkikh ,1,1,0,0,1,0.465,300,,,,,
Konstantin Khlebnikov ,1,1,0,0,1,0.465,300,,,,,
Matwey V. Kornilov ,1,1,0,0,1,0.465,300,,,,,
Maxim Kiselev ,1,1,0,0,1,0.465,300,,,,,
Mert Dirik ,1,1,0,0,1,0.465,300,,,,,
Mikhail Karpenko ,1,1,0,0,1,0.465,300,,,,,
Mikhail Petrov ,1,1,0,0,1,0.465,300,,,,,
Nikita Danilov ,1,1,0,0,1,0.465,300,,,,,
Nikita Sobolev ,1,1,0,0,1,0.465,300,,,,,
Pavel Begunkov ,37,3,0,0,37,13.7676,300,,,,,
Pavel Belous ,3,2,0,0,3,1.2939,300,,,,,
Peter Mamonov ,1,1,0,0,1,0.465,300,,,,,
Peter Ujfalusi ,34,2,0,0,34,12.5748,300,,,,,
Roi Dayan ,1,1,0,0,1,0.465,300,,,,,
Sergey Korolev ,1,1,0,0,1,0.465,300,,,,,
Sergey Organov ,1,1,0,0,1,0.465,300,,,,,
Wambui Karuga ,3,1,0,0,3,1.1928,300,,,,,
Yauhen Kharuzhy ,3,1,0,0,3,1.1928,300,,,,,
Yurii Monakov ,2,2,0,0,2,0.93,300,,,,,
Christian Hewitt ,1,1,0,0,1,0.465,400,,,,,
Minas Harutyunyan ,3,3,0,0,3,1.395,400,,,,,
Akhil P Oommen ,1,1,0,0,1,0.465,530,,,,,
Akshu Agrawal ,2,2,0,0,2,0.93,530,,,,,
Amit Kucheria ,11,1,0,0,11,4.104,530,,,,,
Amol Grover ,8,2,0,0,8,3.1134,530,,,,,
Anand Lodnoor ,11,1,0,0,11,4.104,530,,,,,
Anup Patel ,5,2,0,0,5,2.0217,530,,,,,
Bhagavathi Perumal S ,2,1,0,0,2,0.8289,530,,,,,
Bharata B Rao ,2,2,0,0,2,0.93,530,,,,,
Brahadambal Srinivasan ,1,1,0,0,1,0.465,530,,,,,
Christina Jacob ,1,1,0,0,1,0.465,530,,,,,
Devulapally Shiva Krishna ,1,1,0,0,1,0.465,530,,,,,
Faiz Abbas ,11,5,0,0,11,4.5084,530,,,,,
Geetha sowjanya ,2,1,0,0,2,0.8289,530,,,,,
Govind Singh ,2,1,0,0,2,0.8289,530,,,,,
Harigovindan P ,2,1,0,0,2,0.8289,530,,,,,
Harini Katakam ,2,2,0,0,2,0.93,530,,,,,
Hongbo Yao ,5,4,0,0,5,2.2239,530,,,,,
Jagan Teki ,1,1,0,0,1,0.465,530,,,,,
Kalyan Thota ,1,1,0,0,1,0.465,530,,,,,
Kishon Vijay Abraham I ,5,2,0,0,5,2.0217,530,,,,,
Krishnamraju Eraparaju ,2,2,0,0,2,0.93,530,,,,,
Linu Cherian ,1,1,0,0,1,0.465,530,,,,,
Lokesh Vutla ,1,1,0,0,1,0.465,530,,,,,
Maarten Brock ,3,1,0,0,3,1.1928,530,,,,,
Madhuparna Bhowmik ,20,1,0,0,20,7.3791,530,,,,,
Manivannan Sadhasivam ,4,1,0,0,4,1.5567,530,,,,,
Michal Simek ,6,2,0,0,6,2.3856,530,,,,,
Mohan Kumar ,2,1,0,0,2,0.8289,530,,,,,
Mohit P. Tahiliani ,10,1,0,0,10,3.7401,530,,,,,
Nagarjuna Kristam ,1,1,0,0,1,0.465,530,,,,,
Naveen N. Rao ,1,1,0,0,1,0.465,530,,,,,
Nikhil Mahale ,1,1,0,0,1,0.465,530,,,,,
Pragat Pandya ,1,1,0,0,1,0.465,530,,,,,
Raag Jadav ,1,1,0,0,1,0.465,530,,,,,
Rahul Lakkireddy ,2,2,0,0,2,0.93,530,,,,,
Rakesh Pillai ,1,1,0,0,1,0.465,530,,,,,
Ravi Bangoria ,13,1,0,0,13,4.8318,530,,,,,
Ravi Kumar Siddojigari ,1,1,0,0,1,0.465,530,,,,,
Ravulapati Vishnu vardhan rao ,4,1,0,0,4,1.5567,530,,,,,
Rayagonda Kokatanur ,1,1,0,0,1,0.465,530,,,,,
Rijo Thomas ,5,2,0,0,5,2.0217,530,,,,,
Ritesh Harjani ,2,1,0,0,2,0.8289,530,,,,,
Rohit Maheshwari ,1,1,0,0,1,0.465,530,,,,,
Sachin agarwal ,2,1,0,0,2,0.8289,530,,,,,
Sahitya Tummala ,2,1,0,0,2,0.8289,530,,,,,
Sai Prakash Ranjan ,2,2,0,0,2,0.93,530,,,,,
Sameer Pujar ,1,1,0,0,1,0.465,530,,,,,
satya priya ,1,1,0,0,1,0.465,530,,,,,
Shirish S ,1,1,0,0,1,0.465,530,,,,,
Shubhrajyoti Datta ,5,1,0,0,5,1.9206,530,,,,,
Sibi Sankar ,4,1,0,0,4,1.5567,530,,,,,
Siddhesh Poyarekar ,1,1,0,0,1,0.465,530,,,,,
Srinivas Neeli ,1,1,0,0,1,0.465,530,,,,,
Sudheesh Mavila ,1,1,0,0,1,0.465,530,,,,,
Sunil Goutham ,13,1,0,0,13,4.8318,530,,,,,
Taniya Das ,2,2,0,0,2,0.93,530,,,,,
Topi Kuutela ,1,1,0,0,1,0.465,530,,,,,
Vaibhav Jain ,2,2,0,0,2,0.93,530,,,,,
Vandita Kulkarni ,1,1,0,0,1,0.465,530,,,,,
Veerabhadrarao Badiganti ,1,1,0,0,1,0.465,530,,,,,
Venkatesh Yadav Abbarapu ,1,1,0,0,1,0.465,530,,,,,
Vinay Kumar Yadav ,2,1,0,0,2,0.8289,530,,,,,
Vinod Koul ,3,2,2,2,3,2.8983,530,,,,,
Viresh Kumar ,2,2,0,0,2,0.93,530,,,,,
Vishal Kulkarni ,1,1,0,0,1,0.465,530,,,,,
Yuji Sasaki ,1,1,0,0,1,0.465,530,,,,,
Tuong Lien ,1,1,0,0,1,0.465,700,,,,,
Aaron Liu ,4,1,0,0,4,1.5567,800,,,,,
Anand Jain ,8,2,0,0,8,3.1134,800,,,,,
Anson Huang ,11,2,0,0,11,4.2051,800,,,,,
Axel Lin ,9,1,0,0,9,3.3762,800,,,,,
Baolin Wang ,7,1,0,0,7,2.6484,800,,,,,
Barret Rhoden ,2,1,0,0,2,0.8289,800,,,,,
Ben Chuang ,1,1,0,0,1,0.465,800,,,,,
Ben Dooks (Codethink) ,2,1,0,0,2,0.8289,800,,,,,
Bibby Hsieh ,6,2,0,0,6,2.3856,800,,,,,
Boqun Feng ,1,1,0,0,1,0.465,800,,,,,
Brandon Syu ,1,1,0,0,1,0.465,800,,,,,
Changbin Du ,4,1,0,0,4,1.5567,800,,,,,
changzhu ,1,1,0,0,1,0.465,800,,,,,
Chao Yu ,5,2,0,0,5,2.0217,800,,,,,
chen gong ,3,1,0,0,3,1.1928,800,,,,,
Chen Wandun ,5,5,0,0,5,2.325,800,,,,,
Chen Yu ,7,1,0,0,7,2.6484,800,,,,,
Chen Zhou ,16,3,0,0,16,6.1257,800,,,,,
Chengguang Xu ,7,2,0,0,7,2.7495,800,,,,,
chenqiwu ,2,1,0,0,2,0.8289,800,,,,,
Chen-Tsung Hsieh ,1,1,0,0,1,0.465,800,,,,,
Chin-Yen Lee ,8,2,0,0,8,3.1134,800,,,,,
Christoph Hellwig ,20,6,0,0,20,7.8846,800,,,,,
Chuhong Yuan ,5,2,0,0,5,2.0217,800,,,,,
Chunyan Zhang ,6,2,0,0,6,2.3856,800,,,,,
Clay Chang ,1,1,0,0,1,0.465,800,,,,,
Coly Li ,15,1,0,0,15,5.5596,800,,,,,
Daniel Drake ,1,1,0,0,1,0.465,800,,,,,
Dejin Zheng ,4,2,0,0,4,1.6578,800,,,,,
Dennis Li ,6,1,0,0,6,2.2845,800,,,,,
Dilip Kota ,1,1,0,0,1,0.465,800,,,,,
Dongdong Liu ,1,1,0,0,1,0.465,800,,,,,
Erin Lo ,2,1,0,0,2,0.8289,800,,,,,
Evan Quan ,5,2,0,0,5,2.0217,800,,,,,
Flora Cui ,1,1,0,0,1,0.465,800,,,,,
Fugang Duan ,1,1,0,0,1,0.465,800,,,,,
Gao Xiang ,3,2,0,0,3,1.2939,800,,,,,
Greentime Hu ,2,2,0,0,2,0.93,800,,,,,
Guangbin Huang ,2,2,0,0,2,0.93,800,,,,,
Guchun Chen ,4,1,0,0,4,1.5567,800,,,,,
Guo Ren ,18,1,0,0,18,6.6513,800,,,,,
Guojia Liao ,2,1,0,0,2,0.8289,800,,,,,
Guoju Fang ,1,1,0,0,1,0.465,800,,,,,
Guoyun Sun ,1,1,0,0,1,0.465,800,,,,,
Haiwei Li ,2,2,0,0,2,0.93,800,,,,,
Hangbin Liu ,10,6,0,0,10,4.2456,800,,,,,
Hanjun Guo ,3,1,0,0,3,1.1928,800,,,,,
Harry Pan ,3,1,0,0,3,1.1928,800,,,,,
Hawking Zhang ,8,1,0,0,8,3.0123,800,,,,,
Hayes Wang ,9,1,0,0,9,3.3762,800,,,,,
Herbert Xu ,2,2,1,1,2,1.7322,800,,,,,
Hou Tao ,3,2,0,0,3,1.2939,800,,,,,
Huaisheng Ye ,2,1,0,0,2,0.8289,800,,,,,
Huang Rui ,2,1,0,0,2,0.8289,800,,,,,
Huazhong Tan ,10,1,0,0,10,3.7401,800,,,,,
Hui Wang ,1,1,0,0,1,0.465,800,,,,,
Icenowy Zheng ,1,1,0,0,1,0.465,800,,,,,
Ikjoon Jang ,1,1,0,0,1,0.465,800,,,,,
Jack Yu ,4,1,0,0,4,1.5567,800,,,,,
Jack Zhang ,1,1,0,0,1,0.465,800,,,,,
JC Kuo ,1,1,0,0,1,0.465,800,,,,,
Jeff Chang ,1,1,0,0,1,0.465,800,,,,,
Jeff Mahoney ,2,2,0,0,2,0.93,800,,,,,
Jerry Lin ,1,1,0,0,1,0.465,800,,,,,
Jia-Ju Bai ,3,1,0,0,3,1.1928,800,,,,,
Jian Shen ,4,4,0,0,4,1.86,800,,,,,
Jiang Lidong ,1,1,0,0,1,0.465,800,,,,,
Jian-Hong Pan ,5,2,0,0,5,2.0217,800,,,,,
Jiaran Zhang ,1,1,0,0,1,0.465,800,,,,,
Jiaxun Yang ,6,1,0,0,6,2.2845,800,,,,,
Jim Lin ,1,1,0,0,1,0.465,800,,,,,
jimyan ,1,1,0,0,1,0.465,800,,,,,
Jin Yao ,1,1,0,0,1,0.465,800,,,,,
Jiufei Xue ,2,1,0,0,2,0.8289,800,,,,,
John Clements ,3,1,0,0,3,1.1928,800,,,,,
John Garry ,7,1,0,0,7,2.6484,800,,,,,
Kai Li ,1,1,0,0,1,0.465,800,,,,,
Kai-Heng Feng ,5,1,0,0,5,1.9206,800,,,,,
Kailang Yang ,5,2,0,0,5,2.0217,800,,,,,
Kenneth Feng ,1,1,0,0,1,0.465,800,,,,,
Kent Gibson ,1,1,0,0,1,0.465,800,,,,,
Kevin Hao ,7,2,0,0,7,2.7495,800,,,,,
Leo Yan ,2,1,0,0,2,0.8289,800,,,,,
Lewis Huang ,4,1,0,0,4,1.5567,800,,,,,
Ley Foon Tan ,2,2,0,0,2,0.93,800,,,,,
Li Guanglei ,1,1,0,0,1,0.465,800,,,,,
Li RongQing ,3,2,0,0,3,1.2939,800,,,,,
Liang Chen ,1,1,0,0,1,0.465,800,,,,,
lijiazi ,1,1,0,0,1,0.465,800,,,,,
Lijun Ou ,2,1,0,0,2,0.8289,800,,,,,
Liu Song ,2,1,0,0,2,0.8289,800,,,,,
Lu Baolu ,3,1,0,0,3,1.1928,800,,,,,
luanshi ,1,1,0,0,1,0.465,800,,,,,
Luo Jiaxing ,3,1,0,0,3,1.1928,800,,,,,
Ma Jun ,1,1,0,0,1,0.465,800,,,,,
MaJun ,1,1,0,0,1,0.465,800,,,,,
Mao Han ,1,1,0,0,1,0.465,800,,,,,
Martin Tsai ,1,1,0,0,1,0.465,800,,,,,
Miaohe Lin ,23,1,0,0,23,8.4708,800,,,,,
Ming Lei ,4,2,0,0,4,1.6578,800,,,,,
Monk Liu ,1,1,0,0,1,0.465,800,,,,,
Murphy Zhou ,3,1,0,0,3,1.1928,800,,,,,
Niu Xilei ,1,1,0,0,1,0.465,800,,,,,
Ong Boon Leong ,1,1,0,0,1,0.465,800,,,,,
"Ooi, Joyce ",1,1,0,0,1,0.465,800,,,,,
Orson Zhai ,2,1,0,0,2,0.8289,800,,,,,
Paul Hsieh ,2,1,0,0,2,0.8289,800,,,,,
Peng Hao ,1,1,0,0,1,0.465,800,,,,,
Peng Liu ,1,1,0,0,1,0.465,800,,,,,
Peng Wang ,1,1,0,0,1,0.465,800,,,,,
Pengcheng Yang ,1,1,0,0,1,0.465,800,,,,,
Peter Chen ,8,5,0,0,8,3.4167,800,,,,,
Pi-Hsun Shih ,1,1,0,0,1,0.465,800,,,,,
Pingfan Liu ,2,2,0,0,2,0.93,800,,,,,
Ping-Ke Shih ,2,1,0,0,2,0.8289,800,,,,,
Prike Liang ,2,1,0,0,2,0.8289,800,,,,,
Qianggui Song ,3,1,0,0,3,1.1928,800,,,,,
Qing Xu ,2,1,0,0,2,0.8289,800,,,,,
Qu Wenruo ,8,2,0,0,8,3.1134,800,,,,,
Quanyang Wang ,1,1,0,0,1,0.465,800,,,,,
Ramuthevar Vadivel Murugan ,3,1,0,0,3,1.1928,800,,,,,
Ran Wang ,1,1,0,0,1,0.465,800,,,,,
Ricky Wu ,1,1,0,0,1,0.465,800,,,,,
Rocky Liao ,4,1,0,0,4,1.5567,800,,,,,
Rui Feng ,1,1,0,0,1,0.465,800,,,,,
Scott Chen ,1,1,0,0,1,0.465,800,,,,,
Shannon Zhao ,1,1,0,0,1,0.465,800,,,,,
Shaokun Zhang ,2,2,0,0,2,0.93,800,,,,,
Shengjiu Wang ,3,2,0,0,3,1.2939,800,,,,,
Sherry Sun ,1,1,0,0,1,0.465,800,,,,,
Shuming Fan ,2,1,0,0,2,0.8289,800,,,,,
Stanley Chu ,8,1,0,0,8,3.0123,800,,,,,
Stanley.Yang ,1,1,0,0,1,0.465,800,,,,,
Su Yanjun ,1,1,0,0,1,0.465,800,,,,,
Sun Ke ,1,1,0,0,1,0.465,800,,,,,
SZ Lin (林上智) ,1,1,0,0,1,0.465,800,,,,,
"Tan, Tee Min ",2,2,0,0,2,0.93,800,,,,,
tangbin ,1,1,0,0,1,0.465,800,,,,,
Tian Tao ,1,1,0,0,1,0.465,800,,,,,
Tianci.Yin ,6,1,0,0,6,2.2845,800,,,,,
Tianjia Zhang ,2,2,0,0,2,0.93,800,,,,,
Tiecheng Zhou ,1,1,0,0,1,0.465,800,,,,,
Tiezhu Yang ,2,2,0,0,2,0.93,800,,,,,
Tina Zhang ,4,4,0,0,4,1.86,800,,,,,
Tony W Wang-oc ,4,1,0,0,4,1.5567,800,,,,,
Tzu-En Huang ,2,1,0,0,2,0.8289,800,,,,,
Tzung-Bi Shih ,6,3,0,0,6,2.4867,800,,,,,
"Verma, Aashish ",1,1,0,0,1,0.465,800,,,,,
Vincent Chen ,2,1,0,0,2,0.8289,800,,,,,
Voon Weifeng ,1,1,0,0,1,0.465,800,,,,,
Wang Hai ,1,1,0,0,1,0.465,800,,,,,
Wang Long ,1,1,0,0,1,0.465,800,,,,,
Wang Xuerui ,1,1,0,0,1,0.465,800,,,,,
wangyan ,4,1,0,0,4,1.5567,800,,,,,
Wanpeng Li ,6,2,0,0,6,2.3856,800,,,,,
Wayne Lin ,3,1,0,0,3,1.1928,800,,,,,
Wei Hu ,1,1,0,0,1,0.465,800,,,,,
Weihang Li ,1,1,0,0,1,0.465,800,,,,,
Wen Gong ,1,1,0,0,1,0.465,800,,,,,
Wen He ,2,1,0,0,2,0.8289,800,,,,,
Wen-chien Jesse Sung ,1,1,0,0,1,0.465,800,,,,,
wenxu ,2,2,0,0,2,0.93,800,,,,,
Xiang Chen ,2,1,0,0,2,0.8289,800,,,,,
Xiao Yang ,1,1,0,0,1,0.465,800,,,,,
Xiaochen Shen ,6,4,0,0,6,2.5878,800,,,,,
xiaofeng.yan ,1,1,0,0,1,0.465,800,,,,,
Xiaoguang Wang ,2,1,0,0,2,0.8289,800,,,,,
Xiaoyao Li ,1,1,0,0,1,0.465,800,,,,,
Xin Long ,1,1,0,0,1,0.465,800,,,,,
xinhui pan ,1,1,0,0,1,0.465,800,,,,,
Yangbo Lu ,7,2,0,0,7,2.7495,800,,,,,
yangerkun ,2,2,0,0,2,0.93,800,,,,,
Yan-Hsuan Chuang ,6,2,0,0,6,2.3856,800,,,,,
Yi Zhang ,1,1,0,0,1,0.465,800,,,,,
Yicong Yang ,1,1,0,0,1,0.465,800,,,,,
Yintian Tao ,1,1,0,0,1,0.465,800,,,,,
yong.liang ,5,1,0,0,5,1.9206,800,,,,,
Yonglong Liu ,4,4,0,0,4,1.86,800,,,,,
You-Sheng Yang ,1,1,0,0,1,0.465,800,,,,,
yu kuai ,4,3,0,0,4,1.7589,800,,,,,
Yue Hu ,1,1,0,0,1,0.465,800,,,,,
Yufeng Mo ,1,1,0,0,1,0.465,800,,,,,
Yu-Hsuan Hsu ,1,1,0,0,1,0.465,800,,,,,
Yunsheng Lin ,3,2,0,0,3,1.2939,800,,,,,
Zaibo Xu ,13,1,0,0,13,4.8318,800,,,,,
Zeng Tao ,1,1,0,0,1,0.465,800,,,,,
Zenghui Yu ,11,3,0,0,11,4.3062,800,,,,,
Zhang Xiaoxu ,5,4,0,0,5,2.2239,800,,,,,
zhangyi (F) ,6,3,0,0,6,2.4867,800,,,,,
Zheng Bin ,4,1,0,0,4,1.5567,800,,,,,
Zhengyuan Liu ,3,3,0,0,3,1.395,800,,,,,
zhenwei pi ,2,1,0,0,2,0.8289,800,,,,,
Zhenyu Wang ,1,1,0,0,1,0.465,800,,,,,
Zhenzhong Duan ,2,2,0,0,2,0.93,800,,,,,
Zhi Chen ,1,1,0,0,1,0.465,800,,,,,
Zhihao Cheng ,1,1,0,0,1,0.465,800,,,,,
Zhiqiang Liu ,2,1,0,0,2,0.8289,800,,,,,
Zhou Wang ,1,1,0,0,1,0.465,800,,,,,
Zhuang Yanying ,1,1,0,0,1,0.465,800,,,,,
Zong Li ,3,1,0,0,3,1.1928,800,,,,,
Zong-Zhe Yang ,1,1,0,0,1,0.465,800,,,,,
周琰杰 (Zhou Yanjie) ,3,1,0,0,3,1.1928,800,,,,,
Benjamin Poirier ,2,2,0,0,2,0.93,900,,,,,
Chanwoo Choi ,2,1,0,0,2,0.8289,900,,,,,
Damien Le Moal ,6,3,0,0,6,2.4867,900,,,,,
Hyunki Koo ,1,1,0,0,1,0.465,900,,,,,
Inki Dae ,1,1,0,0,1,0.465,900,,,,,
Keith Busch ,2,1,0,0,2,0.8289,900,,,,,
Keiya Nobuta ,1,1,0,0,1,0.465,900,,,,,
Kunihiko Hayashi ,2,2,0,0,2,0.93,900,,,,,
Kuninori Morimoto ,28,1,0,0,28,10.2903,900,,,,,
Marek Vasut ,8,2,0,0,8,3.1134,900,,,,,
Masami Hiramatsu ,49,4,0,0,49,18.2355,900,,,,,
Masami Ichikawa ,1,1,0,0,1,0.465,900,,,,,
Masanari Iida ,3,1,0,0,3,1.1928,900,,,,,
Naoto Kobayashi ,1,1,0,0,1,0.465,900,,,,,
Shin'ichiro Kawasaki ,4,2,0,0,4,1.6578,900,,,,,
Takashi Sakamoto ,7,1,0,0,7,2.6484,900,,,,,
Tetsuhiro Kohada ,1,1,0,0,1,0.465,900,,,,,
Tetsuo Handa ,1,1,0,0,1,0.465,900,,,,,
Yoshiki Komachi ,2,2,0,0,2,0.93,900,,,,,
Yuki Taguchi ,1,1,0,0,1,0.465,900,,,,,
Dan Callaghan ,1,1,0,0,1,0.465,1000,,,,,
Dave Airlie ,47,1,56,53,47,60.7479,1000,,,,,
Greg Ungerer ,1,1,0,0,1,0.465,1000,,,,,
Nicholas Piggin ,1,1,0,0,1,0.465,1000,,,,,
Ronnie Sahlberg ,11,2,0,0,11,4.2051,1000,,,,,
Brendan Higgins ,9,2,0,0,9,3.4773,1030,,,,,
Aleksa Sarai ,4,1,0,0,4,1.5567,1100,,,,,
Evan Benn ,1,1,0,0,1,0.465,1100,,,,,
Finn Thain ,12,2,0,0,12,4.569,1100,,,,,
James Morris ,1,1,0,0,1,0.465,1100,,,,,
Joel Stanley ,1,1,0,0,1,0.465,1100,,,,,
Jordan Niethe ,1,1,0,0,1,0.465,1100,,,,,
Mansour Behabadi ,1,1,0,0,1,0.465,1100,,,,,
Michael Ellerman ,18,3,1,1,18,7.6557,1100,,,,,
Oliver O'Halloran ,23,1,0,0,23,8.4708,1100,,,,,
Russell Currey ,2,1,0,0,2,0.8289,1100,,,,,
Sam Bobroff ,1,1,0,0,1,0.465,1100,,,,,
Stephen Rothwell ,2,2,0,0,2,0.93,1100,,,,,
Chris Packham ,1,1,0,0,1,0.465,1300,,,,,
Hamish Martin ,1,1,0,0,1,0.465,1300,,,,,
Luuk Paulussen ,1,1,0,0,1,0.465,1300,,,,,
Mark Tomlinson ,1,1,0,0,1,0.465,1300,,,,,
Oscar Ravadilla ,1,1,0,0,1,0.465,1300,,,,,
Paulo Miguel Almeida ,1,1,0,0,1,0.465,1300,,,,,
Ridge Kennedy ,1,1,0,0,1,0.465,1300,,,,,
,,,,,,,,,,,,
