作者,fix总数,fix过的提交种类数,此人进行过的merge总数,此人merge过的库的种类数,commit总数
Aaro Koskinen ,2,2,#N/A,#N/A,
Aaro Koskinen ,2,2,#N/A,#N/A,
Aaron Liu ,4,1,#N/A,#N/A,
Aaron Liu ,4,1,#N/A,#N/A,
abdoulaye berthe ,1,1,#N/A,#N/A,
abdoulaye berthe ,1,1,#N/A,#N/A,
Abdul Kabbani ,1,1,#N/A,#N/A,
Abdul Kabbani ,1,1,#N/A,#N/A,
Abhi Das ,1,1,#N/A,#N/A,
Abhi Das ,1,1,#N/A,#N/A,
Adam Williamson ,1,1,#N/A,#N/A,
Adam Williamson ,1,1,#N/A,#N/A,
Aditya Pakki ,2,2,#N/A,#N/A,
Aditya Pakki ,2,2,#N/A,#N/A,
Adrian Huang ,4,2,#N/A,#N/A,
Adrian Huang ,4,2,#N/A,#N/A,
Adrian Hunter ,2,1,#N/A,#N/A,
Adrian Hunter ,2,1,#N/A,#N/A,
Aharon Landau ,1,1,#N/A,#N/A,
Aharon Landau ,1,1,#N/A,#N/A,
Ahmad Fatoum ,1,1,#N/A,#N/A,
Ahmad Fatoum ,1,1,#N/A,#N/A,
Ahzo ,1,1,#N/A,#N/A,
Ahzo ,1,1,#N/A,#N/A,
Ajay Gupta ,1,1,#N/A,#N/A,
Ajay Gupta ,1,1,#N/A,#N/A,
Ajay Singh ,6,1,#N/A,#N/A,
Ajay Singh ,6,1,#N/A,#N/A,
Akeem G Abodunrin ,1,1,#N/A,#N/A,
Akeem G Abodunrin ,1,1,#N/A,#N/A,
Akhil P Oommen ,1,1,#N/A,#N/A,
Akhil P Oommen ,1,1,#N/A,#N/A,
Akinobu Mita ,13,1,#N/A,#N/A,
Akinobu Mita ,13,1,#N/A,#N/A,
Akshu Agrawal ,2,2,#N/A,#N/A,
Akshu Agrawal ,2,2,#N/A,#N/A,
Al Cooper ,6,1,#N/A,#N/A,
Al Cooper ,6,1,#N/A,#N/A,
Al Viro ,47,6,#N/A,#N/A,
Al Viro ,47,6,#N/A,#N/A,
Alain Michaud ,3,1,#N/A,#N/A,
Alain Michaud ,3,1,#N/A,#N/A,
Alain Volmat ,1,1,#N/A,#N/A,
Alain Volmat ,1,1,#N/A,#N/A,
Alan Maguire ,2,2,#N/A,#N/A,
Alan Maguire ,2,2,#N/A,#N/A,
Alan Stern ,2,1,#N/A,#N/A,
Alan Stern ,2,1,#N/A,#N/A,
Alberto Mattea ,1,1,#N/A,#N/A,
Alberto Mattea ,1,1,#N/A,#N/A,
Aleksa Sarai ,4,1,#N/A,#N/A,
Aleksa Sarai ,4,1,#N/A,#N/A,
Alex Deucher ,31,2,#N/A,#N/A,
Alex Deucher ,31,2,#N/A,#N/A,
Alex Maftei (amaftei) ,13,1,#N/A,#N/A,
Alex Maftei (amaftei) ,13,1,#N/A,#N/A,
Alex Marginean ,6,2,#N/A,#N/A,
Alex Marginean ,6,2,#N/A,#N/A,
Alex Shi ,20,1,#N/A,#N/A,
Alex Shi ,20,1,#N/A,#N/A,
Alex Sierra ,8,1,#N/A,#N/A,
Alex Sierra ,8,1,#N/A,#N/A,
Alex Sverdlin ,1,1,#N/A,#N/A,
Alex Sverdlin ,1,1,#N/A,#N/A,
Alex Williams ,1,1,#N/A,#N/A,
Alex Williams ,1,1,#N/A,#N/A,
Alexander Lobakin ,10,4,#N/A,#N/A,
Alexander Lobakin ,10,4,#N/A,#N/A,
Alexander Potapenko ,2,2,#N/A,#N/A,
Alexander Potapenko ,2,2,#N/A,#N/A,
Alexander Shishkin ,4,4,#N/A,#N/A,
Alexander Shishkin ,4,4,#N/A,#N/A,
Alexander Tsoy ,3,1,#N/A,#N/A,
Alexander Tsoy ,3,1,#N/A,#N/A,
Alexandra Winter ,1,1,#N/A,#N/A,
Alexandra Winter ,1,1,#N/A,#N/A,
Alexandre Belloni ,16,4,#N/A,#N/A,
Alexandre Belloni ,16,4,#N/A,#N/A,
Alexandre Ghiti ,2,1,#N/A,#N/A,
Alexandre Ghiti ,2,1,#N/A,#N/A,
Alexandre Oliva ,1,1,#N/A,#N/A,
Alexandre Oliva ,1,1,#N/A,#N/A,
Alexandru Ardelean ,5,1,#N/A,#N/A,
Alexandru Ardelean ,5,1,#N/A,#N/A,
Alexandru Elisei ,1,1,#N/A,#N/A,
Alexandru Elisei ,1,1,#N/A,#N/A,
Alexandru M Stan ,1,1,#N/A,#N/A,
Alexandru M Stan ,1,1,#N/A,#N/A,
Alexandru Tachici ,4,2,#N/A,#N/A,
Alexandru Tachici ,4,2,#N/A,#N/A,
Alexei Starovoitov ,20,4,#N/A,10,
Alexei Starovoitov ,20,4,#N/A,10,
Alexey Dobriyan ,11,1,#N/A,10,
Alexey Dobriyan ,11,1,#N/A,10,
Alistair Delva ,1,1,#N/A,10,
Alistair Delva ,1,1,#N/A,10,
Alvin Lee ,3,1,#N/A,10,
Alvin Lee ,3,1,#N/A,10,
Amadeusz S??awiski ,10,2,#N/A,10,
Amadeusz S??awiski ,10,2,#N/A,10,
Amanda Liu ,1,1,#N/A,10,
Amanda Liu ,1,1,#N/A,10,
Amelie Delaunay ,1,1,#N/A,10,
Amelie Delaunay ,1,1,#N/A,10,
Amir Goldstein ,10,4,#N/A,10,
Amir Goldstein ,10,4,#N/A,10,
Amit Cohen ,16,2,#N/A,10,
Amit Cohen ,16,2,#N/A,10,
Amit Kucheria ,11,1,#N/A,10,
Amit Kucheria ,11,1,#N/A,10,
Amol Grover ,8,2,#N/A,10,
Amol Grover ,8,2,#N/A,10,
Amritha Nambiar ,1,1,#N/A,10,
Amritha Nambiar ,1,1,#N/A,10,
Anand Jain ,8,2,#N/A,10,
Anand Jain ,8,2,#N/A,10,
Anand Lodnoor ,11,1,#N/A,10,
Anand Lodnoor ,11,1,#N/A,10,
Anatol Pomazau ,1,1,#N/A,10,
Anatol Pomazau ,1,1,#N/A,10,
Andi Kleen ,2,1,#N/A,10,
Andi Kleen ,2,1,#N/A,10,
André Hentschel ,2,1,#N/A,10,
André Hentschel ,2,1,#N/A,10,
Andrea Parri ,3,1,#N/A,10,
Andrea Parri ,3,1,#N/A,10,
Andreas Dilger ,1,1,#N/A,10,
Andreas Dilger ,1,1,#N/A,10,
Andreas Gruenbacher ,4,2,#N/A,10,
Andreas Gruenbacher ,4,2,#N/A,10,
Andreas Kemnade ,1,1,#N/A,10,
Andreas Kemnade ,1,1,#N/A,10,
Andreas Larsson ,1,1,#N/A,10,
Andreas Larsson ,1,1,#N/A,10,
Andrei Otcheretianski ,3,1,#N/A,10,
Andrei Otcheretianski ,3,1,#N/A,10,
Andrei Vagin ,23,1,#N/A,10,
Andrei Vagin ,23,1,#N/A,10,
Andres Freund ,1,1,#N/A,10,
Andres Freund ,1,1,#N/A,10,
Andrew F. Davis ,5,2,#N/A,10,
Andrew F. Davis ,5,2,#N/A,10,
Andrew Jones ,1,1,#N/A,10,
Andrew Jones ,1,1,#N/A,10,
Andrew Lunn ,6,5,#N/A,10,
Andrew Lunn ,6,5,#N/A,10,
Andrew Morton ,2,1,#N/A,10,
Andrew Morton ,2,1,#N/A,10,
Andrew Murray ,2,2,#N/A,10,
Andrew Murray ,2,2,#N/A,10,
Andrey Ignatov ,1,1,#N/A,10,
Andrey Ignatov ,1,1,#N/A,10,
Andrey Shvetsov ,1,1,#N/A,10,
Andrey Shvetsov ,1,1,#N/A,10,
Andrey Smirnov ,12,1,#N/A,10,
Andrey Smirnov ,12,1,#N/A,10,
Andrii Nakryiko ,19,7,#N/A,10,
Andrii Nakryiko ,19,7,#N/A,10,
Andy Shevchenko ,30,2,#N/A,10,
Andy Shevchenko ,30,2,#N/A,10,
Aneesh Kumar K.V ,4,2,#N/A,10,
Aneesh Kumar K.V ,4,2,#N/A,10,
Anilkumar Kolli ,1,1,#N/A,10,
Anilkumar Kolli ,1,1,#N/A,10,
Anirudh Ghayal ,1,1,#N/A,10,
Anirudh Ghayal ,1,1,#N/A,10,
Anirudh Venkataramanan ,4,1,#N/A,10,
Anirudh Venkataramanan ,4,1,#N/A,10,
Anshuman Khandual ,6,1,#N/A,10,
Anshuman Khandual ,6,1,#N/A,10,
Anson Huang ,11,2,#N/A,10,
Anson Huang ,11,2,#N/A,10,
Anthony Koo ,2,1,#N/A,10,
Anthony Koo ,2,1,#N/A,10,
Anthony Mallet ,2,2,#N/A,10,
Anthony Mallet ,2,2,#N/A,10,
Antoine Tenart ,11,2,#N/A,10,
Antoine Tenart ,11,2,#N/A,10,
Anton Eidelman ,1,1,#N/A,10,
Anton Eidelman ,1,1,#N/A,10,
Anup Patel ,5,2,#N/A,10,
Anup Patel ,5,2,#N/A,10,
Anurag Kumar Vulisha ,1,1,#N/A,10,
Anurag Kumar Vulisha ,1,1,#N/A,10,
Ard Biesheuvel ,37,8,#N/A,10,
Ard Biesheuvel ,37,8,#N/A,10,
Aric Cyr ,6,1,#N/A,10,
Aric Cyr ,6,1,#N/A,10,
Arnaldo Carvalho de Melo ,24,2,#N/A,10,
Arnaldo Carvalho de Melo ,24,2,#N/A,10,
Arnaud Pouliquen ,1,1,#N/A,10,
Arnaud Pouliquen ,1,1,#N/A,10,
Arnd Bergmann ,30,14,#N/A,10,
Arnd Bergmann ,30,14,#N/A,10,
Artem Savkov ,1,1,#N/A,10,
Artem Savkov ,1,1,#N/A,10,
Artemy Kovalyov ,2,2,#N/A,10,
Artemy Kovalyov ,2,2,#N/A,10,
Arthur Heymans ,2,1,#N/A,10,
Arthur Heymans ,2,1,#N/A,10,
Arthur Kiyanovski ,9,2,#N/A,10,
Arthur Kiyanovski ,9,2,#N/A,10,
Arun Easi ,1,1,#N/A,10,
Arun Easi ,1,1,#N/A,10,
Arun Parameswaran ,1,1,#N/A,10,
Arun Parameswaran ,1,1,#N/A,10,
Arvind Sankar ,32,1,#N/A,10,
Arvind Sankar ,32,1,#N/A,10,
Aurelien Aptel ,4,2,#N/A,10,
Aurelien Aptel ,4,2,#N/A,10,
Author,1,1,#N/A,10,
Author,1,1,#N/A,10,
Avihai Horon ,2,2,#N/A,10,
Avihai Horon ,2,2,#N/A,10,
Avraham Stern ,1,1,#N/A,10,
Avraham Stern ,1,1,#N/A,10,
Axel Lin ,9,1,#N/A,10,
Axel Lin ,9,1,#N/A,10,
Aya Levin ,4,3,#N/A,10,
Aya Levin ,4,3,#N/A,10,
Baolin Wang ,7,1,#N/A,10,
Baolin Wang ,7,1,#N/A,10,
Baoquan He ,1,1,#N/A,10,
Baoquan He ,1,1,#N/A,10,
Bard Liao ,4,1,#N/A,10,
Bard liao ,1,1,#N/A,10,
Bard Liao ,4,1,#N/A,10,
Bard liao ,1,1,#N/A,10,
Barret Rhoden ,2,1,#N/A,10,
Barret Rhoden ,2,1,#N/A,10,
Bart Van Assche ,5,4,#N/A,10,
Bart Van Assche ,5,4,#N/A,10,
Bartosz Golaszewski ,12,3,#N/A,10,
Bartosz Golaszewski ,12,3,#N/A,10,
Bean Huo ,9,2,#N/A,10,
Bean Huo ,9,2,#N/A,10,
Ben Chuang ,1,1,#N/A,10,
Ben Chuang ,1,1,#N/A,10,
Ben Dooks ,1,1,#N/A,10,
Ben Dooks ,1,1,#N/A,10,
Ben Dooks (Codethink) ,2,1,#N/A,10,
Ben Dooks (Codethink) ,2,1,#N/A,10,
Ben Gardon ,2,1,#N/A,10,
Ben Gardon ,2,1,#N/A,10,
Ben Shelton ,1,1,#N/A,10,
Ben Shelton ,1,1,#N/A,10,
Ben Skeggs ,91,1,#N/A,10,
Ben Skeggs ,91,1,#N/A,10,
Ben Whitten ,1,1,#N/A,10,
Ben Whitten ,1,1,#N/A,10,
Beniamin Bia ,4,2,#N/A,10,
Beniamin Bia ,4,2,#N/A,10,
Benjamin Block ,1,1,#N/A,10,
Benjamin Block ,1,1,#N/A,10,
Benjamin Gaignard ,7,1,#N/A,10,
Benjamin Gaignard ,7,1,#N/A,10,
Benjamin Poirier ,2,2,#N/A,10,
Benjamin Poirier ,2,2,#N/A,10,
Benjamin Thiel ,1,1,#N/A,10,
Benjamin Thiel ,1,1,#N/A,10,
Benjamin Tissoires ,1,1,#N/A,10,
Benjamin Tissoires ,1,1,#N/A,10,
Benoit Parrot ,15,1,#N/A,10,
Benoit Parrot ,15,1,#N/A,10,
Benson Leung ,1,1,#REF!,1,
Benson Leung ,1,1,#REF!,1,
Bernard Metzler ,2,2,#REF!,1,
Bernard Metzler ,2,2,#REF!,1,
Bhagavathi Perumal S ,2,1,#REF!,1,
Bhagavathi Perumal S ,2,1,#REF!,1,
Bharata B Rao ,2,2,#REF!,1,
Bharata B Rao ,2,2,#REF!,1,
Bhaskar Upadhaya ,1,1,#REF!,1,
Bhaskar Upadhaya ,1,1,#REF!,1,
Bhawanpreet Lakha ,4,3,#REF!,1,
Bhawanpreet Lakha ,4,3,#REF!,1,
Bibby Hsieh ,6,2,#REF!,1,
Bibby Hsieh ,6,2,#REF!,1,
Bijan Mottahedeh ,2,2,1,1,
Bijan Mottahedeh ,2,2,1,1,
Biju Das ,1,1,1,1,
Biju Das ,1,1,1,1,
Bin Liu ,2,2,1,1,
Bin Liu ,2,2,1,1,
Bingbu Cao ,2,1,1,1,
Bingbu Cao ,2,1,1,1,
Bj??rn Mork ,2,2,1,1,
Bj??rn Mork ,2,2,1,1,
Bj??rn T??pel ,1,1,1,1,
Bj??rn T??pel ,1,1,1,1,
Bjorn Andersson ,10,2,1,1,
Bjorn Andersson ,10,2,1,1,
Bjorn Helgaas ,17,1,15,15,
Bjorn Helgaas ,17,1,15,15,
Bob Moore ,2,1,15,15,
Bob Moore ,2,1,15,15,
Bob Peterson ,1,1,#N/A,15,
Bob Peterson ,1,1,#N/A,15,
Boqun Feng ,1,1,#N/A,15,
Boqun Feng ,1,1,#N/A,15,
Boris Brezillon ,3,2,#N/A,15,
Boris Brezillon ,3,2,#N/A,15,
Boris Ostrovsky ,6,2,#N/A,15,
Boris Ostrovsky ,6,2,#N/A,15,
Boris Protopopov ,1,1,#N/A,15,
Boris Protopopov ,1,1,#N/A,15,
Borislav Petkov ,4,2,#N/A,15,
Borislav Petkov ,4,2,#N/A,15,
Brahadambal Srinivasan ,1,1,#N/A,15,
Brahadambal Srinivasan ,1,1,#N/A,15,
Brandon Maier ,1,1,#N/A,15,
Brandon Maier ,1,1,#N/A,15,
Brandon Syu ,1,1,#N/A,15,
Brandon Syu ,1,1,#N/A,15,
Brendan Higgins ,9,2,#N/A,15,
Brendan Higgins ,9,2,#N/A,15,
Brett Creeley ,5,2,#N/A,15,
Brett Creeley ,5,2,#N/A,15,
Brian Masney ,1,1,#N/A,15,
Brian Masney ,1,1,#N/A,15,
Brian Norris ,2,2,#N/A,15,
Brian Norris ,2,2,#N/A,15,
Brian Vazquez ,8,4,#N/A,15,
Brian Vazquez ,8,4,#N/A,15,
Bruce Allan ,2,1,#N/A,15,
Bruce Allan ,2,1,#N/A,15,
Bryan O'Donoghue ,4,3,#N/A,15,
Bryan O'Donoghue ,4,3,#N/A,15,
Byungchul Park ,1,1,#N/A,15,
Byungchul Park ,1,1,#N/A,15,
Can Guo ,1,1,#N/A,15,
Can Guo ,1,1,#N/A,15,
Carlo Nonato ,1,1,#N/A,15,
Carlo Nonato ,1,1,#N/A,15,
Carlos Maiolino ,5,1,#N/A,15,
Carlos Maiolino ,5,1,#N/A,15,
Casey Schaufler ,1,1,#N/A,15,
Casey Schaufler ,1,1,#N/A,15,
Catalin Marinas ,4,2,#N/A,15,
Catalin Marinas ,4,2,#N/A,15,
Caz Yokoyama ,1,1,#N/A,15,
Caz Yokoyama ,1,1,#N/A,15,
Cengiz Can ,3,3,#N/A,15,
Cengiz Can ,3,3,#N/A,15,
Cezary Rojewski ,2,2,#N/A,15,
Cezary Rojewski ,2,2,#N/A,15,
Changbin Du ,4,1,#N/A,15,
Changbin Du ,4,1,#N/A,15,
changzhu ,1,1,#N/A,15,
changzhu ,1,1,#N/A,15,
Chanwoo Choi ,2,1,#N/A,15,
Chanwoo Choi ,2,1,#N/A,15,
Chao Yu ,5,2,#N/A,15,
Chao Yu ,5,2,#N/A,15,
Charlene Liu ,1,1,#N/A,15,
Charlene Liu ,1,1,#N/A,15,
Charles Keepax ,12,3,#N/A,15,
Charles Keepax ,12,3,#N/A,15,
chen gong ,3,1,#N/A,15,
chen gong ,3,1,#N/A,15,
Chen Wandun ,5,5,#N/A,15,
Chen Wandun ,5,5,#N/A,15,
Chen Yu ,7,1,#N/A,15,
Chen Yu ,7,1,#N/A,15,
Chen Zhou ,16,3,#N/A,15,
Chen Zhou ,16,3,#N/A,15,
Chengguang Xu ,7,2,#N/A,15,
Chengguang Xu ,7,2,#N/A,15,
chenqiwu ,2,1,#N/A,15,
chenqiwu ,2,1,#N/A,15,
Chen-Tsung Hsieh ,1,1,#N/A,15,
Chen-Tsung Hsieh ,1,1,#N/A,15,
Chen-Yu Tsai ,1,1,#N/A,15,
Chen-Yu Tsai ,1,1,#N/A,15,
Chin-Yen Lee ,8,2,#N/A,15,
Chin-Yen Lee ,8,2,#N/A,15,
Chris Down ,3,2,#N/A,15,
Chris Down ,3,2,#N/A,15,
Chris Mason ,1,1,#N/A,15,
Chris Mason ,1,1,#N/A,15,
Chris Packham ,1,1,#N/A,15,
Chris Packham ,1,1,#N/A,15,
Chris Park ,1,1,#N/A,15,
Chris Park ,1,1,#N/A,15,
Chris Wilson ,44,24,#N/A,1,
Chris Wilson ,44,24,#N/A,1,
Christian Borntraeger ,8,5,#N/A,1,
Christian Borntraeger ,8,5,#N/A,1,
Christian Brauner ,5,4,#N/A,1,
Christian Brauner ,5,4,#N/A,1,
Christian Gromm ,10,1,#N/A,1,
Christian Gromm ,10,1,#N/A,1,
Christian Hewitt ,1,1,#N/A,1,
Christian Hewitt ,1,1,#N/A,1,
Christian K??nig ,2,1,#N/A,1,
Christian K??nig ,2,1,#N/A,1,
Christian Lachner ,1,1,#N/A,1,
Christian Lachner ,1,1,#N/A,1,
Christian Zigotzky ,1,1,#N/A,1,
Christian Zigotzky ,1,1,#N/A,1,
Christina Jacob ,1,1,#N/A,1,
Christina Jacob ,1,1,#N/A,1,
Christoffer Dall ,1,1,#N/A,1,
Christoffer Dall ,1,1,#N/A,1,
Christoph Hellwig ,20,6,#N/A,1,
Christoph Hellwig ,20,6,#N/A,1,
Christoph Paasch ,2,1,#N/A,1,
Christoph Paasch ,2,1,#N/A,1,
Christophe JAILLET ,8,6,#N/A,1,
Christophe JAILLET ,8,6,#N/A,1,
Christophe Leroy ,65,14,#N/A,1,
Christophe Leroy ,65,14,#N/A,1,
Christophe Roullier ,1,1,#N/A,1,
Christophe Roullier ,1,1,#N/A,1,
Chuansheng Liu ,1,1,#N/A,1,
Chuansheng Liu ,1,1,#N/A,1,
Chuck Lever ,17,4,#N/A,1,
Chuck Lever ,17,4,#N/A,1,
Chuhong Yuan ,5,2,#N/A,1,
Chuhong Yuan ,5,2,#N/A,1,
Chunguang Xu ,1,1,#N/A,1,
Chunguang Xu ,1,1,#N/A,1,
Chunyan Zhang ,6,2,#N/A,1,
Chunyan Zhang ,6,2,#N/A,1,
Claudiu Beznea ,23,1,#N/A,1,
Claudiu Beznea ,23,1,#N/A,1,
Clay Chang ,1,1,#N/A,1,
Clay Chang ,1,1,#N/A,1,
Clément Péron ,1,1,#N/A,1,
Clément Péron ,1,1,#N/A,1,
Codrin.Ciubotariu@microchip.com ,1,1,#N/A,1,
Codrin.Ciubotariu@microchip.com ,1,1,#N/A,1,
Colin Ian King ,60,21,#N/A,1,
Colin Ian King ,60,21,#N/A,1,
Coly Li ,15,1,#N/A,1,
Coly Li ,15,1,#N/A,1,
Cong Wang ,11,9,#N/A,1,
Cong Wang ,11,9,#N/A,1,
Corentin Labbe ,5,5,#N/A,1,
Corentin Labbe ,5,5,#N/A,1,
Corey Minyard ,1,1,#N/A,1,
Corey Minyard ,1,1,#N/A,1,
Cristian Marussi ,2,2,#N/A,1,
Cristian Marussi ,2,2,#N/A,1,
Cyril Hrubis ,1,1,#N/A,1,
Cyril Hrubis ,1,1,#N/A,1,
Dafna Hirschfeld ,3,2,#N/A,1,
Dafna Hirschfeld ,3,2,#N/A,1,
Dai Ngo ,1,1,#N/A,1,
Dai Ngo ,1,1,#N/A,1,
Dajun Jin ,1,1,#N/A,1,
Dajun Jin ,1,1,#N/A,1,
Damian van Soelen ,1,1,#N/A,1,
Damian van Soelen ,1,1,#N/A,1,
Damien Le Moal ,6,3,#N/A,1,
Damien Le Moal ,6,3,#N/A,1,
Dan Callaghan ,1,1,#N/A,1,
Dan Callaghan ,1,1,#N/A,1,
Dan Carpenter ,35,28,#N/A,1,
Dan Carpenter ,35,28,#N/A,1,
Dan Lazewatsky ,1,1,#N/A,1,
Dan Lazewatsky ,1,1,#N/A,1,
Dan Moulding ,1,1,#N/A,1,
Dan Moulding ,1,1,#N/A,1,
Dan Murphy ,7,5,#N/A,1,
Dan Murphy ,7,5,#N/A,1,
Dan Williams ,6,1,#N/A,1,
Dan Williams ,6,1,#N/A,1,
dan.carpenter@oracle.com ,1,1,#N/A,1,
dan.carpenter@oracle.com ,1,1,#N/A,1,
Daniel Axtens ,2,1,#N/A,1,
Daniel Axtens ,2,1,#N/A,1,
Daniel Borkmann ,6,2,#N/A,5,
Daniel Borkmann ,6,2,#N/A,5,
Daniel Campello ,1,1,#N/A,5,
Daniel Campello ,1,1,#N/A,5,
Daniel Díaz ,1,1,#N/A,5,
Daniel Díaz ,1,1,#N/A,5,
Daniel Drake ,1,1,#N/A,5,
Daniel Drake ,1,1,#N/A,5,
Daniel Golle ,1,1,#N/A,5,
Daniel Golle ,1,1,#N/A,5,
Daniel Jordan ,2,1,#N/A,5,
Daniel Jordan ,2,1,#N/A,5,
Daniel Kolesa ,1,1,#N/A,5,
Daniel Kolesa ,1,1,#N/A,5,
Daniel Lezcano ,6,1,#N/A,5,
Daniel Lezcano ,6,1,#N/A,5,
Daniel Rosenberg ,3,1,#N/A,5,
Daniel Rosenberg ,3,1,#N/A,5,
Daniel Thompson ,1,1,#N/A,5,
Daniel Thompson ,1,1,#N/A,5,
Daniel Verkamp ,2,1,#N/A,5,
Daniel Verkamp ,2,1,#N/A,5,
Daniel Vetter ,5,1,#N/A,5,
Daniel Vetter ,5,1,#N/A,5,
Daniel W. S. Almeida ,12,1,#N/A,5,
Daniel W. S. Almeida ,12,1,#N/A,5,
Daniel Wagner ,3,1,#N/A,5,
Daniel Wagner ,3,1,#N/A,5,
Daniele Palmas ,2,1,#N/A,5,
Daniele Palmas ,2,1,#N/A,5,
Danit Goldberg ,1,1,#N/A,5,
Danit Goldberg ,1,1,#N/A,5,
Darrick J. Wong ,23,2,#N/A,5,
Darrick J. Wong ,23,2,#N/A,5,
Dave Airlie ,47,1,#N/A,53,
Dave Airlie ,47,1,#N/A,53,
Dave Ertman ,2,1,#N/A,53,
Dave Ertman ,2,1,#N/A,53,
Dave Hansen ,5,2,#N/A,53,
Dave Hansen ,5,2,#N/A,53,
Dave Jiang ,13,3,#N/A,53,
Dave Jiang ,13,3,#N/A,53,
Dave Martin ,1,1,#N/A,53,
Dave Martin ,1,1,#N/A,53,
David Ahern ,1,1,#N/A,53,
David Ahern ,1,1,#N/A,53,
David Engraf ,1,1,#N/A,53,
David Engraf ,1,1,#N/A,53,
David Hildenbrand ,17,6,#N/A,53,
David Hildenbrand ,17,6,#N/A,53,
David Howells ,21,12,#N/A,53,
David Howells ,21,12,#N/A,53,
David Michael ,1,1,#N/A,53,
David Michael ,1,1,#N/A,53,
David Rientjes ,2,2,#N/A,53,
David Rientjes ,2,2,#N/A,53,
David S. Miller ,114,3,#N/A,132,
David S. Miller ,114,3,#N/A,132,
David Sterba ,8,2,#N/A,132,
David Sterba ,8,2,#N/A,132,
David Woodhouse ,1,1,#N/A,132,
David Woodhouse ,1,1,#N/A,132,
Davide Caratti ,6,6,#N/A,132,
Davide Caratti ,6,6,#N/A,132,
Davidlohr Bueso ,1,1,#N/A,132,
Davidlohr Bueso ,1,1,#N/A,132,
Dejin Zheng ,4,2,#N/A,132,
Dejin Zheng ,4,2,#N/A,132,
Dennis Dalessandro ,1,1,#N/A,132,
Dennis Dalessandro ,1,1,#N/A,132,
Dennis Li ,6,1,#N/A,132,
Dennis Li ,6,1,#N/A,132,
Dennis Zhou ,24,1,#N/A,132,
Dennis Zhou ,24,1,#N/A,132,
Desnes A. Nunes do Rosario ,1,1,#N/A,132,
Desnes A. Nunes do Rosario ,1,1,#N/A,132,
Devulapally Shiva Krishna ,1,1,#N/A,132,
Devulapally Shiva Krishna ,1,1,#N/A,132,
Dexuan Cui ,9,2,#N/A,132,
Dexuan Cui ,9,2,#N/A,132,
Dilip Kota ,1,1,#N/A,132,
Dilip Kota ,1,1,#N/A,132,
Dillon Brock ,1,1,#N/A,132,
Dillon Brock ,1,1,#N/A,132,
Dinh Nguyen ,1,1,#N/A,132,
Dinh Nguyen ,1,1,#N/A,132,
Dirk Behme ,1,1,#N/A,132,
Dirk Behme ,1,1,#N/A,132,
Dmitry Bezrukov ,1,1,#N/A,132,
Dmitry Bezrukov ,1,1,#N/A,132,
Dmitry Bogdanov ,3,3,#N/A,132,
Dmitry Bogdanov ,3,3,#N/A,132,
Dmitry Monakhov ,3,1,#N/A,132,
Dmitry Monakhov ,3,1,#N/A,132,
Dmitry Osipenko ,18,3,#N/A,132,
Dmitry Osipenko ,18,3,#N/A,132,
Dmitry Safonov ,14,2,#N/A,132,
Dmitry Safonov ,14,2,#N/A,132,
Dmitry Torokhov ,4,1,#N/A,2,
Dmitry Torokhov ,4,1,#N/A,2,
Dmitry Vyukov ,1,1,#N/A,2,
Dmitry Vyukov ,1,1,#N/A,2,
Dmitry Yakunin ,2,1,#N/A,2,
Dmitry Yakunin ,2,1,#N/A,2,
Dmytro Laktyushkin ,1,1,#N/A,2,
Dmytro Laktyushkin ,1,1,#N/A,2,
Dmytro Linkin ,2,2,#N/A,2,
Dmytro Linkin ,2,2,#N/A,2,
Dominik Czarnota ,1,1,#N/A,2,
Dominik Czarnota ,1,1,#N/A,2,
Dongdong Liu ,1,1,#N/A,2,
Dongdong Liu ,1,1,#N/A,2,
Dongli Zhang ,3,1,#N/A,2,
Dongli Zhang ,3,1,#N/A,2,
Dor Askayo ,1,1,#N/A,2,
Dor Askayo ,1,1,#N/A,2,
Doug Smythies ,2,1,#N/A,2,
Doug Smythies ,2,1,#N/A,2,
Douglas Anderson ,20,8,#N/A,2,
Douglas Anderson ,20,8,#N/A,2,
Dr. David Alan Gilbert ,5,1,#N/A,2,
Dr. David Alan Gilbert ,5,1,#N/A,2,
Dragos Tarcatu ,2,2,#N/A,2,
Dragos Tarcatu ,2,2,#N/A,2,
Eddie James ,7,1,#N/A,2,
Eddie James ,7,1,#N/A,2,
Edward Cree ,1,1,#N/A,2,
Edward Cree ,1,1,#N/A,2,
Edwin Peer ,1,1,#N/A,2,
Edwin Peer ,1,1,#N/A,2,
Eelco Chaudron ,1,1,#N/A,2,
Eelco Chaudron ,1,1,#N/A,2,
Egor Pomozov ,1,1,#N/A,2,
Egor Pomozov ,1,1,#N/A,2,
EJ Hsu ,1,1,#N/A,2,
EJ Hsu ,1,1,#N/A,2,
Eli Cohen ,1,1,#N/A,2,
Eli Cohen ,1,1,#N/A,2,
Emil Velikov ,3,1,#N/A,2,
Emil Velikov ,3,1,#N/A,2,
Emmanuel Grumbach ,2,2,#N/A,2,
Emmanuel Grumbach ,2,2,#N/A,2,
Enric Balletbo i Serra ,3,2,#N/A,2,
Enric Balletbo i Serra ,3,2,#N/A,2,
Eran Ben Elisha ,3,1,#N/A,2,
Eran Ben Elisha ,3,1,#N/A,2,
Erdem Aktas ,1,1,#N/A,2,
Erdem Aktas ,1,1,#N/A,2,
Erez Shitrit ,3,3,#N/A,2,
Erez Shitrit ,3,3,#N/A,2,
Eric Auger ,9,4,#N/A,2,
Eric Auger ,9,4,#N/A,2,
Eric Biggers ,45,11,#N/A,2,
Eric Biggers ,45,11,#N/A,2,
Eric Dumazet ,31,24,#N/A,2,
Eric Dumazet ,31,24,#N/A,2,
Eric Hankland ,1,1,#N/A,2,
Eric Hankland ,1,1,#N/A,2,
Eric Sandeen ,1,1,#N/A,2,
Eric Sandeen ,1,1,#N/A,2,
Eric Snowberg ,1,1,#N/A,2,
Eric Snowberg ,1,1,#N/A,2,
Eric Yang ,1,1,#N/A,2,
Eric Yang ,1,1,#N/A,2,
Erik Bussing ,1,1,#N/A,2,
Erik Bussing ,1,1,#N/A,2,
Erin Lo ,2,1,#N/A,2,
Erin Lo ,2,1,#N/A,2,
Erwan Velu ,1,1,#N/A,2,
Erwan Velu ,1,1,#N/A,2,
Esben Haabendal ,6,3,#N/A,2,
Esben Haabendal ,6,3,#N/A,2,
Etienne Carriere ,3,1,#N/A,2,
Etienne Carriere ,3,1,#N/A,2,
Eugen Hristev ,2,2,#N/A,2,
Eugen Hristev ,2,2,#N/A,2,
Eugene Syromiatnikov ,1,1,#N/A,2,
Eugene Syromiatnikov ,1,1,#N/A,2,
Eugenio Pérez ,1,1,#N/A,2,
Eugenio Pérez ,1,1,#N/A,2,
Eugeniu Rosca ,3,3,#N/A,2,
Eugeniu Rosca ,3,3,#N/A,2,
Eugeniy Paltsev ,2,1,#N/A,2,
Eugeniy Paltsev ,2,1,#N/A,2,
Evan Benn ,1,1,#N/A,2,
Evan Benn ,1,1,#N/A,2,
Evan Green ,1,1,#N/A,2,
Evan Green ,1,1,#N/A,2,
Evan Quan ,5,2,#N/A,2,
Evan Quan ,5,2,#N/A,2,
Eyal Birger ,1,1,#N/A,2,
Eyal Birger ,1,1,#N/A,2,
Ezequiel Garcia ,1,1,#N/A,2,
Ezequiel Garcia ,1,1,#N/A,2,
Fabian Frederick ,1,1,#N/A,2,
Fabian Frederick ,1,1,#N/A,2,
Fabio Estevam ,1,1,#N/A,2,
Fabio Estevam ,1,1,#N/A,2,
Fabrice Gasnier ,3,3,#N/A,2,
Fabrice Gasnier ,3,3,#N/A,2,
Faiz Abbas ,11,5,#N/A,2,
Faiz Abbas ,11,5,#N/A,2,
Felipe Cardoso Resende ,1,1,#N/A,2,
Felipe Cardoso Resende ,1,1,#N/A,2,
Felix Fietkau ,4,4,#N/A,2,
Felix Fietkau ,4,4,#N/A,2,
Felix Kuehling ,2,2,#N/A,2,
Felix Kuehling ,2,2,#N/A,2,
Filipe Laíns ,1,1,#N/A,2,
Filipe Laíns ,1,1,#N/A,2,
Filipe Manana ,13,8,#N/A,2,
Filipe Manana ,13,8,#N/A,2,
Finn Thain ,12,2,#N/A,2,
Finn Thain ,12,2,#N/A,2,
Firo Yang ,1,1,#N/A,2,
Firo Yang ,1,1,#N/A,2,
Flora Cui ,1,1,#N/A,2,
Flora Cui ,1,1,#N/A,2,
Florent Revest ,1,1,#N/A,2,
Florent Revest ,1,1,#N/A,2,
Florian Fainelli ,23,12,#N/A,1,
Florian Fainelli ,23,12,#N/A,1,
Florian Westphal ,25,11,#N/A,1,
Florian Westphal ,25,11,#N/A,1,
Frank A. Cancio Bello ,3,1,#N/A,1,
Frank A. Cancio Bello ,3,1,#N/A,1,
Frank Sorenson ,1,1,#N/A,1,
Frank Sorenson ,1,1,#N/A,1,
Frederic Barrat ,12,2,#N/A,1,
Frederic Barrat ,12,2,#N/A,1,
Frieder Schrempf ,1,1,#N/A,1,
Frieder Schrempf ,1,1,#N/A,1,
Fritz Koenig ,1,1,#N/A,1,
Fritz Koenig ,1,1,#N/A,1,
Fugang Duan ,1,1,#N/A,1,
Fugang Duan ,1,1,#N/A,1,
Gabriel Krisman Bertazi ,3,1,#N/A,1,
Gabriel Krisman Bertazi ,3,1,#N/A,1,
Gal Pressman ,4,2,#N/A,1,
Gal Pressman ,4,2,#N/A,1,
Ganapathi Bhat ,2,1,#N/A,1,
Ganapathi Bhat ,2,1,#N/A,1,
Gang He ,1,1,#N/A,1,
Gang He ,1,1,#N/A,1,
Gao Xiang ,3,2,#N/A,1,
Gao Xiang ,3,2,#N/A,1,
Gaurav Agrawal ,1,1,#N/A,1,
Gaurav Agrawal ,1,1,#N/A,1,
Gavin Shan ,3,3,#N/A,1,
Gavin Shan ,3,3,#N/A,1,
Gayatri Kammela ,1,1,#N/A,1,
Gayatri Kammela ,1,1,#N/A,1,
Geert Uytterhoeven ,36,12,#N/A,1,
Geert Uytterhoeven ,36,12,#N/A,1,
Geetha sowjanya ,2,1,#N/A,1,
Geetha sowjanya ,2,1,#N/A,1,
George Shen ,1,1,#N/A,1,
George Shen ,1,1,#N/A,1,
Georgi Djakov ,1,1,#N/A,1,
Georgi Djakov ,1,1,#N/A,1,
Gerald Schaefer ,2,2,#N/A,1,
Gerald Schaefer ,2,2,#N/A,1,
Gerd Hoffmann ,5,2,#N/A,1,
Gerd Hoffmann ,5,2,#N/A,1,
Gilad Ben-Yossef ,8,2,#N/A,1,
Gilad Ben-Yossef ,8,2,#N/A,1,
Gilles Buloz ,2,1,#N/A,1,
Gilles Buloz ,2,1,#N/A,1,
Golan Ben Ami ,1,1,#N/A,1,
Golan Ben Ami ,1,1,#N/A,1,
Govind Singh ,2,1,#N/A,1,
Govind Singh ,2,1,#N/A,1,
Grant Likely ,1,1,#N/A,1,
Grant Likely ,1,1,#N/A,1,
Greentime Hu ,2,2,#N/A,1,
Greentime Hu ,2,2,#N/A,1,
Greg Kroah-Hartman ,30,1,#N/A,26,
Greg Kroah-Hartman ,30,1,#N/A,26,
Greg Kurz ,3,1,#N/A,26,
Greg Kurz ,3,1,#N/A,26,
Greg Ungerer ,1,1,#N/A,26,
Greg Ungerer ,1,1,#N/A,26,
Grygorii Strashko ,9,2,#N/A,26,
Grygorii Strashko ,9,2,#N/A,26,
Guangbin Huang ,2,2,#N/A,26,
Guangbin Huang ,2,2,#N/A,26,
Guchun Chen ,4,1,#N/A,26,
Guchun Chen ,4,1,#N/A,26,
Guennadi Liakhovetski ,2,1,#N/A,26,
Guennadi Liakhovetski ,2,1,#N/A,26,
Guenter Roeck ,18,3,#N/A,26,
Guenter Roeck ,18,3,#N/A,26,
Guido Günther ,1,1,#N/A,26,
Guido Günther ,1,1,#N/A,26,
Guillaume La Roque ,3,2,#N/A,26,
Guillaume La Roque ,3,2,#N/A,26,
Guillaume Nault ,4,1,#N/A,26,
Guillaume Nault ,4,1,#N/A,26,
Guo Ren ,18,1,#N/A,26,
Guo Ren ,18,1,#N/A,26,
Guojia Liao ,2,1,#N/A,26,
Guojia Liao ,2,1,#N/A,26,
Guoju Fang ,1,1,#N/A,26,
Guoju Fang ,1,1,#N/A,26,
Guoqing Jiang ,13,1,#N/A,26,
Guoqing Jiang ,13,1,#N/A,26,
Guoyun Sun ,1,1,#N/A,26,
Guoyun Sun ,1,1,#N/A,26,
Gustavo A. R. Silva ,16,6,#N/A,26,
Gustavo A. R. Silva ,16,6,#N/A,26,
Gustavo Luiz Duarte ,1,1,#N/A,26,
Gustavo Luiz Duarte ,1,1,#N/A,26,
H. Nikolaus Schaller ,2,1,#N/A,26,
H. Nikolaus Schaller ,2,1,#N/A,26,
H.J. Lu ,1,1,#N/A,26,
H.J. Lu ,1,1,#N/A,26,
H??kon Bugge ,1,1,#N/A,26,
H??kon Bugge ,1,1,#N/A,26,
Hadar Gat ,2,1,#N/A,26,
Hadar Gat ,2,1,#N/A,26,
Haiwei Li ,2,2,#N/A,26,
Haiwei Li ,2,2,#N/A,26,
Haiyang Zhang ,4,3,#N/A,26,
Haiyang Zhang ,4,3,#N/A,26,
Haiyi Zhou ,1,1,#N/A,26,
Haiyi Zhou ,1,1,#N/A,26,
Halil Pasic ,2,2,#N/A,26,
Halil Pasic ,2,2,#N/A,26,
Hamdan Igbaria ,4,2,#N/A,26,
Hamdan Igbaria ,4,2,#N/A,26,
Hamish Martin ,1,1,#N/A,26,
Hamish Martin ,1,1,#N/A,26,
Hangbin Liu ,10,6,#N/A,26,
Hangbin Liu ,10,6,#N/A,26,
Hanjun Guo ,3,1,#N/A,26,
Hanjun Guo ,3,1,#N/A,26,
Hannes Reinecke ,3,1,#N/A,26,
Hannes Reinecke ,3,1,#N/A,26,
Hanno Zulla ,3,1,#N/A,26,
Hanno Zulla ,3,1,#N/A,26,
Hans de Goede ,12,2,#N/A,26,
Hans de Goede ,12,2,#N/A,26,
Hans Verkuil ,7,2,#N/A,26,
Hans Verkuil ,7,2,#N/A,26,
Hans Westgaard Ry ,3,1,#N/A,26,
Hans Westgaard Ry ,3,1,#N/A,26,
Hans Wippel ,1,1,#N/A,26,
Hans Wippel ,1,1,#N/A,26,
Hao Lee ,1,1,#N/A,26,
Hao Lee ,1,1,#N/A,26,
Harald Freudenberger ,11,2,#N/A,26,
Harald Freudenberger ,11,2,#N/A,26,
Hardik Gajjar ,1,1,#N/A,26,
Hardik Gajjar ,1,1,#N/A,26,
Harigovindan P ,2,1,#N/A,26,
Harigovindan P ,2,1,#N/A,26,
Harini Katakam ,2,2,#N/A,26,
Harini Katakam ,2,2,#N/A,26,
Harry Pan ,3,1,#N/A,26,
Harry Pan ,3,1,#N/A,26,
Harry Wentland ,2,1,#N/A,26,
Harry Wentland ,2,1,#N/A,26,
Hauke Mehrtens ,1,1,#N/A,26,
Hauke Mehrtens ,1,1,#N/A,26,
Hawking Zhang ,8,1,#N/A,26,
Hawking Zhang ,8,1,#N/A,26,
Hayes Wang ,9,1,#N/A,26,
Hayes Wang ,9,1,#N/A,26,
He Zhe ,2,1,#N/A,26,
He Zhe ,2,1,#N/A,26,
Heidi Fahim ,2,1,#N/A,26,
Heidi Fahim ,2,1,#N/A,26,
Heikki Krogerus ,3,2,#N/A,26,
Heikki Krogerus ,3,2,#N/A,26,
Heiko Stuebner ,2,1,#N/A,26,
Heiko Stuebner ,2,1,#N/A,26,
Heiner Kallweit ,27,3,#N/A,26,
Heiner Kallweit ,27,3,#N/A,26,
Helge Deller ,1,1,#N/A,26,
Helge Deller ,1,1,#N/A,26,
Herbert Xu ,2,2,#N/A,1,
Herbert Xu ,2,2,#N/A,1,
Hersen Wu ,2,1,#N/A,1,
Hersen Wu ,2,1,#N/A,1,
Hewenliang ,1,1,#N/A,1,
Hewenliang ,1,1,#N/A,1,
Hillf Danton ,1,1,#N/A,1,
Hillf Danton ,1,1,#N/A,1,
Hongbo Yao ,5,4,#N/A,1,
Hongbo Yao ,5,4,#N/A,1,
hor: Paulo Alcantara (SUSE) ,1,1,#N/A,1,
hor: Paulo Alcantara (SUSE) ,1,1,#N/A,1,
Horatiu Vultur ,1,1,#N/A,1,
Horatiu Vultur ,1,1,#N/A,1,
Horia Geant?? ,3,2,#N/A,1,
Horia Geant?? ,3,2,#N/A,1,
Hou Pengyang ,1,1,#N/A,1,
Hou Pengyang ,1,1,#N/A,1,
Hou Tao ,3,2,#N/A,1,
Hou Tao ,3,2,#N/A,1,
Hridya Valsaraju ,3,2,#N/A,1,
Hridya Valsaraju ,3,2,#N/A,1,
Huaisheng Ye ,2,1,#N/A,1,
Huaisheng Ye ,2,1,#N/A,1,
Huang Rui ,2,1,#N/A,1,
Huang Rui ,2,1,#N/A,1,
Huang Ying ,1,1,#N/A,1,
Huang Ying ,1,1,#N/A,1,
Huazhong Tan ,10,1,#N/A,1,
Huazhong Tan ,10,1,#N/A,1,
Hugh Dickins ,1,1,#N/A,1,
Hugh Dickins ,1,1,#N/A,1,
Hui Wang ,1,1,#N/A,1,
Hui Wang ,1,1,#N/A,1,
Huy Nguyen ,1,1,#N/A,1,
Huy Nguyen ,1,1,#N/A,1,
Hyunki Koo ,1,1,#N/A,1,
Hyunki Koo ,1,1,#N/A,1,
Ian Abbott ,2,2,#N/A,1,
Ian Abbott ,2,2,#N/A,1,
Ian Rogers ,1,1,#N/A,1,
Ian Rogers ,1,1,#N/A,1,
Icenowy Zheng ,1,1,#N/A,1,
Icenowy Zheng ,1,1,#N/A,1,
Ido Schimmel ,21,9,#N/A,1,
Ido Schimmel ,21,9,#N/A,1,
Igor Druzhinin ,3,1,#N/A,1,
Igor Druzhinin ,3,1,#N/A,1,
Igor Russkikh ,1,1,#N/A,1,
Igor Russkikh ,1,1,#N/A,1,
Ikjoon Jang ,1,1,#N/A,1,
Ikjoon Jang ,1,1,#N/A,1,
Ilia Mirkin ,1,1,#N/A,1,
Ilia Mirkin ,1,1,#N/A,1,
Ilie Halip ,1,1,#N/A,1,
Ilie Halip ,1,1,#N/A,1,
Ilya Dryomov ,1,1,#N/A,1,
Ilya Dryomov ,1,1,#N/A,1,
Ingo Molnar ,17,1,#N/A,17,
Ingo Molnar ,17,1,#N/A,17,
Inki Dae ,1,1,#N/A,17,
Inki Dae ,1,1,#N/A,17,
Ioana Ciornei ,1,1,#N/A,17,
Ioana Ciornei ,1,1,#N/A,17,
Ioanna Alifieraki ,1,1,#N/A,17,
Ioanna Alifieraki ,1,1,#N/A,17,
Ira Weiny ,1,1,#N/A,17,
Ira Weiny ,1,1,#N/A,17,
Isabel Zhang ,2,1,#N/A,17,
Isabel Zhang ,2,1,#N/A,17,
Israel Rukshin ,2,1,#N/A,17,
Israel Rukshin ,2,1,#N/A,17,
Jacek Anaszewski ,1,1,#N/A,17,
Jacek Anaszewski ,1,1,#N/A,17,
Jack Mitchell ,1,1,#N/A,17,
Jack Mitchell ,1,1,#N/A,17,
Jack Morgenstein ,1,1,#N/A,17,
Jack Morgenstein ,1,1,#N/A,17,
Jack Pham ,2,2,#N/A,17,
Jack Pham ,2,2,#N/A,17,
Jack Yu ,4,1,#N/A,17,
Jack Yu ,4,1,#N/A,17,
Jack Zhang ,1,1,#N/A,17,
Jack Zhang ,1,1,#N/A,17,
Jacob Keller ,23,3,#N/A,17,
Jacob Keller ,23,3,#N/A,17,
Jaegeuk Kim ,8,2,#N/A,17,
Jaegeuk Kim ,8,2,#N/A,17,
Jagan Teki ,1,1,#N/A,17,
Jagan Teki ,1,1,#N/A,17,
Jakub Kicinski ,36,25,#N/A,7,
Jakub Kicinski ,36,25,#N/A,7,
Jakub Sitnicki ,5,3,#N/A,7,
Jakub Sitnicki ,5,3,#N/A,7,
James Hughes ,1,1,#N/A,7,
James Hughes ,1,1,#N/A,7,
James Jones ,2,1,#N/A,7,
James Jones ,2,1,#N/A,7,
James Morris ,1,1,#N/A,7,
James Morris ,1,1,#N/A,7,
James Morse ,6,2,#N/A,7,
James Morse ,6,2,#N/A,7,
James Zhu ,16,1,#N/A,7,
James Zhu ,16,1,#N/A,7,
Jan H. Sch??nherr ,3,1,#N/A,7,
Jan H. Sch??nherr ,3,1,#N/A,7,
Jan Kara ,6,4,#N/A,7,
Jan Kara ,6,4,#N/A,7,
Jani Nikula ,8,3,#N/A,5,
Jani Nikula ,8,3,#N/A,5,
Jann Horn ,2,1,#N/A,5,
Jann Horn ,2,1,#N/A,5,
Janne Karhunen ,1,1,#N/A,5,
Janne Karhunen ,1,1,#N/A,5,
Janosch Frank ,4,1,#N/A,5,
Janosch Frank ,4,1,#N/A,5,
Jari Ruusu ,1,1,#N/A,5,
Jari Ruusu ,1,1,#N/A,5,
Jarkko Nikula ,3,2,#N/A,5,
Jarkko Nikula ,3,2,#N/A,5,
Jarkko Sakkinen ,1,1,#N/A,5,
Jarkko Sakkinen ,1,1,#N/A,5,
Jaroslav Kysela ,1,1,#N/A,5,
Jaroslav Kysela ,1,1,#N/A,5,
Jason A. Donenfeld ,34,5,#N/A,5,
Jason A. Donenfeld ,34,5,#N/A,5,
Jason Baron ,1,1,#N/A,5,
Jason Baron ,1,1,#N/A,5,
Jason Gunthorpe ,35,7,#N/A,3,
Jason Gunthorpe ,35,7,#N/A,3,
Javier Martinez Canillas ,1,1,#N/A,3,
Javier Martinez Canillas ,1,1,#N/A,3,
Jay Dolan ,1,1,#N/A,3,
Jay Dolan ,1,1,#N/A,3,
Jayshri Pawar ,1,1,#N/A,3,
Jayshri Pawar ,1,1,#N/A,3,
JC Kuo ,1,1,#N/A,3,
JC Kuo ,1,1,#N/A,3,
Jean Delvare ,1,1,#N/A,3,
Jean Delvare ,1,1,#N/A,3,
Jean Pihet ,3,1,#N/A,3,
Jean Pihet ,3,1,#N/A,3,
Jean-Baptiste Maneyrol ,1,1,#N/A,3,
Jean-Baptiste Maneyrol ,1,1,#N/A,3,
Jean-Philippe Brucker ,14,2,#N/A,3,
Jean-Philippe Brucker ,14,2,#N/A,3,
Jeff Chang ,1,1,#N/A,3,
Jeff Chang ,1,1,#N/A,3,
Jeff Layton ,7,1,#N/A,3,
Jeff Layton ,7,1,#N/A,3,
Jeff Mahoney ,2,2,#N/A,3,
Jeff Mahoney ,2,2,#N/A,3,
Jeff Moyer ,1,1,#N/A,3,
Jeff Moyer ,1,1,#N/A,3,
Jens Axboe ,91,12,#N/A,7,
Jens Axboe ,91,12,#N/A,7,
Jér??me Pouiller ,70,4,#N/A,7,
Jér??me Pouiller ,70,4,#N/A,7,
Jeremy Cline ,1,1,#N/A,7,
Jeremy Cline ,1,1,#N/A,7,
Jeremy Sowden ,11,1,#N/A,7,
Jeremy Sowden ,11,1,#N/A,7,
Jernej Skrabec ,5,5,#N/A,7,
Jernej Skrabec ,5,5,#N/A,7,
Jerome Brunet ,1,1,#N/A,7,
Jerome Brunet ,1,1,#N/A,7,
Jerónimo Borque ,1,1,#N/A,7,
Jerónimo Borque ,1,1,#N/A,7,
Jerry (Fangzhi) Zuo ,1,1,#N/A,7,
Jerry (Fangzhi) Zuo ,1,1,#N/A,7,
Jerry Lin ,1,1,#N/A,7,
Jerry Lin ,1,1,#N/A,7,
Jerry Snitselaar ,3,2,#N/A,7,
Jerry Snitselaar ,3,2,#N/A,7,
Jesper Dangaard Brouer ,2,2,#N/A,7,
Jesper Dangaard Brouer ,2,2,#N/A,7,
Jessica Yu ,3,2,#N/A,7,
Jessica Yu ,3,2,#N/A,7,
Jethro Beekman ,1,1,#N/A,7,
Jethro Beekman ,1,1,#N/A,7,
Jia-Ju Bai ,3,1,#N/A,7,
Jia-Ju Bai ,3,1,#N/A,7,
Jian Shen ,4,4,#N/A,7,
Jian Shen ,4,4,#N/A,7,
Jiang Lidong ,1,1,#N/A,7,
Jiang Lidong ,1,1,#N/A,7,
Jian-Hong Pan ,5,2,#N/A,7,
Jian-Hong Pan ,5,2,#N/A,7,
Jiaran Zhang ,1,1,#N/A,7,
Jiaran Zhang ,1,1,#N/A,7,
Jiaxun Yang ,6,1,#N/A,7,
Jiaxun Yang ,6,1,#N/A,7,
Jim Lin ,1,1,#N/A,7,
Jim Lin ,1,1,#N/A,7,
Jim Quinlan ,3,1,#N/A,7,
Jim Quinlan ,3,1,#N/A,7,
Jim Wright ,3,1,#N/A,7,
Jim Wright ,3,1,#N/A,7,
jimyan ,1,1,#N/A,7,
jimyan ,1,1,#N/A,7,
Jin Yao ,1,1,#N/A,7,
Jin Yao ,1,1,#N/A,7,
Jing Lin ,1,1,#N/A,7,
Jing Lin ,1,1,#N/A,7,
Jiri Benc ,2,1,#N/A,7,
Jiri Benc ,2,1,#N/A,7,
Jiri Kosina ,2,1,#N/A,2,
Jiri Kosina ,2,1,#N/A,2,
Jiri Olsa ,11,3,#N/A,2,
Jiri Olsa ,11,3,#N/A,2,
Jiri Pirko ,10,2,#N/A,2,
Jiri Pirko ,10,2,#N/A,2,
Jiri Slaby ,4,2,#N/A,2,
Jiri Slaby ,4,2,#N/A,2,
Jiri Wiesner ,2,2,#N/A,2,
Jiri Wiesner ,2,2,#N/A,2,
Jisheng Zhang ,2,1,#N/A,2,
Jisheng Zhang ,2,1,#N/A,2,
Jiufei Xue ,2,1,#N/A,2,
Jiufei Xue ,2,1,#N/A,2,
Joakim Zhang ,3,1,#N/A,2,
Joakim Zhang ,3,1,#N/A,2,
Joe Perches ,5,1,#N/A,2,
Joe Perches ,5,1,#N/A,2,
Joe Thornber ,1,1,#N/A,2,
Joe Thornber ,1,1,#N/A,2,
Joel Fernandes ,1,1,#N/A,2,
Joel Fernandes ,1,1,#N/A,2,
Joel Fernandes (Google) ,5,1,#N/A,2,
Joel Fernandes (Google) ,5,1,#N/A,2,
Joel Stanley ,1,1,#N/A,2,
Joel Stanley ,1,1,#N/A,2,
Joerg Roedel ,9,4,#N/A,2,
Joerg Roedel ,9,4,#N/A,2,
Johan Hovold ,35,22,#N/A,2,
Johan Hovold ,35,22,#N/A,2,
Johan Jonker ,9,1,#N/A,2,
Johan Jonker ,9,1,#N/A,2,
Johan Korsnes ,2,1,#N/A,2,
Johan Korsnes ,2,1,#N/A,2,
Johannes Berg ,9,3,#N/A,2,
Johannes Berg ,9,3,#N/A,2,
Johannes Krude ,1,1,#N/A,2,
Johannes Krude ,1,1,#N/A,2,
Johannes Thumshirn ,7,1,#N/A,2,
Johannes Thumshirn ,7,1,#N/A,2,
John Allen ,1,1,#N/A,2,
John Allen ,1,1,#N/A,2,
John Bates ,1,1,#N/A,2,
John Bates ,1,1,#N/A,2,
John Clements ,3,1,#N/A,2,
John Clements ,3,1,#N/A,2,
John Crispin ,1,1,#N/A,2,
John Crispin ,1,1,#N/A,2,
John Fastabend ,12,9,#N/A,2,
John Fastabend ,12,9,#N/A,2,
John Garry ,7,1,#N/A,2,
John Garry ,7,1,#N/A,2,
John Hubbard ,21,2,#N/A,2,
John Hubbard ,21,2,#N/A,2,
John Keeping ,4,1,#N/A,2,
John Keeping ,4,1,#N/A,2,
John Sperbeck ,1,1,#N/A,2,
John Sperbeck ,1,1,#N/A,2,
John Stultz ,3,1,#N/A,2,
John Stultz ,3,1,#N/A,2,
Jon Derrick ,6,1,#N/A,2,
Jon Derrick ,6,1,#N/A,2,
Jon Hunter ,1,1,#N/A,2,
Jon Hunter ,1,1,#N/A,2,
Jon Maloy ,1,1,#N/A,2,
Jon Maloy ,1,1,#N/A,2,
Jonas Gorski ,1,1,#N/A,2,
Jonas Gorski ,1,1,#N/A,2,
Jonas Karlman ,1,1,#N/A,2,
Jonas Karlman ,1,1,#N/A,2,
Jonas Meurer ,1,1,#N/A,2,
Jonas Meurer ,1,1,#N/A,2,
Jonathan Corbet ,4,1,#N/A,1,
Jonathan Corbet ,4,1,#N/A,1,
Jonathan Kim ,1,1,#N/A,1,
Jonathan Kim ,1,1,#N/A,1,
Jonathan Lemon ,3,2,#N/A,1,
Jonathan Lemon ,3,2,#N/A,1,
Jonathan Neusch??fer ,9,2,#N/A,1,
Jonathan Neusch??fer ,9,2,#N/A,1,
Jordan Crouse ,3,1,#N/A,1,
Jordan Crouse ,3,1,#N/A,1,
Jordan Niethe ,1,1,#N/A,1,
Jordan Niethe ,1,1,#N/A,1,
Jordy Ubink ,1,1,#N/A,1,
Jordy Ubink ,1,1,#N/A,1,
Jose Abreu ,16,8,#N/A,1,
Jose Abreu ,16,8,#N/A,1,
José Roberto de Souza ,4,4,#N/A,1,
José Roberto de Souza ,4,4,#N/A,1,
Josef Bacik ,19,6,#N/A,1,
Josef Bacik ,19,6,#N/A,1,
Joseph Gravenor ,1,1,#N/A,1,
Joseph Gravenor ,1,1,#N/A,1,
Joseph Greathouse ,4,1,#N/A,1,
Joseph Greathouse ,4,1,#N/A,1,
Joseph Kust ,1,1,#N/A,1,
Joseph Kust ,1,1,#N/A,1,
Josh Poimboeuf ,1,1,#N/A,1,
Josh Poimboeuf ,1,1,#N/A,1,
Josh Triplett ,1,1,#N/A,1,
Josh Triplett ,1,1,#N/A,1,
Josip Pavic ,2,1,#N/A,1,
Josip Pavic ,2,1,#N/A,1,
Jouni Hogander ,1,1,#N/A,1,
Jouni Hogander ,1,1,#N/A,1,
Jouni Malinen ,1,1,#N/A,1,
Jouni Malinen ,1,1,#N/A,1,
Jozsef Kadlecsik ,2,1,#N/A,1,
Jozsef Kadlecsik ,2,1,#N/A,1,
Juergen Gross ,6,5,#N/A,1,
Juergen Gross ,6,5,#N/A,1,
Jules Irenge ,1,1,#N/A,1,
Jules Irenge ,1,1,#N/A,1,
Julia Lawall ,5,1,#N/A,1,
Julia Lawall ,5,1,#N/A,1,
Julian Wiedmann ,17,5,#N/A,1,
Julian Wiedmann ,17,5,#N/A,1,
Julien Masson ,1,1,#N/A,1,
Julien Masson ,1,1,#N/A,1,
Julien Thierry ,1,1,#N/A,1,
Julien Thierry ,1,1,#N/A,1,
Juliet Kim ,1,1,#N/A,1,
Juliet Kim ,1,1,#N/A,1,
Julio Faracco ,2,1,#N/A,1,
Julio Faracco ,2,1,#N/A,1,
Jun Lei ,1,1,#N/A,1,
Jun Lei ,1,1,#N/A,1,
Jun Li ,3,2,#N/A,1,
Jun Li ,3,2,#N/A,1,
Junyong Sun ,1,1,#N/A,1,
Junyong Sun ,1,1,#N/A,1,
Jyri Sarha ,1,1,#N/A,1,
Jyri Sarha ,1,1,#N/A,1,
Kadlecsik József ,2,1,#N/A,1,
Kadlecsik József ,2,1,#N/A,1,
Kai Li ,1,1,#N/A,1,
Kai Li ,1,1,#N/A,1,
Kai Vehmanen ,10,1,#N/A,1,
Kai Vehmanen ,10,1,#N/A,1,
Kai-Heng Feng ,5,1,#N/A,1,
Kai-Heng Feng ,5,1,#N/A,1,
Kaike Wan ,2,2,#N/A,1,
Kaike Wan ,2,2,#N/A,1,
Kailang Yang ,5,2,#N/A,1,
Kailang Yang ,5,2,#N/A,1,
Kaitao Cheng ,1,1,#N/A,1,
Kaitao Cheng ,1,1,#N/A,1,
Kalle Valo ,3,1,#N/A,3,
Kalle Valo ,3,1,#N/A,3,
Kalyan Thota ,1,1,#N/A,3,
Kalyan Thota ,1,1,#N/A,3,
Kamal Heib ,1,1,#N/A,3,
Kamal Heib ,1,1,#N/A,3,
Kan Liang ,7,3,#N/A,3,
Kan Liang ,7,3,#N/A,3,
Kars de Jong ,1,1,#N/A,3,
Kars de Jong ,1,1,#N/A,3,
Karsten Graul ,2,1,#N/A,3,
Karsten Graul ,2,1,#N/A,3,
kbuild test robot ,2,2,#N/A,3,
kbuild test robot ,2,2,#N/A,3,
Kees Cook ,11,4,#N/A,3,
Kees Cook ,11,4,#N/A,3,
Keith Busch ,2,1,#N/A,3,
Keith Busch ,2,1,#N/A,3,
Keiya Nobuta ,1,1,#N/A,3,
Keiya Nobuta ,1,1,#N/A,3,
Kelvin Cao ,3,1,#N/A,3,
Kelvin Cao ,3,1,#N/A,3,
Kenneth Feng ,1,1,#N/A,3,
Kenneth Feng ,1,1,#N/A,3,
Kent Gibson ,1,1,#N/A,3,
Kent Gibson ,1,1,#N/A,3,
Kent Gustavsson ,1,1,#N/A,3,
Kent Gustavsson ,1,1,#N/A,3,
Kevin Hao ,7,2,#N/A,3,
Kevin Hao ,7,2,#N/A,3,
Keyon Jie ,1,1,#N/A,3,
Keyon Jie ,1,1,#N/A,3,
Khouloud Touil ,1,1,#N/A,3,
Khouloud Touil ,1,1,#N/A,3,
Kim Phillips ,8,3,#N/A,3,
Kim Phillips ,8,3,#N/A,3,
Kirill A. Shutemov ,4,2,#N/A,3,
Kirill A. Shutemov ,4,2,#N/A,3,
Kishon Vijay Abraham I ,5,2,#N/A,3,
Kishon Vijay Abraham I ,5,2,#N/A,3,
Konstantin Khlebnikov ,1,1,#N/A,3,
Konstantin Khlebnikov ,1,1,#N/A,3,
KP Singh ,1,1,#N/A,3,
KP Singh ,1,1,#N/A,3,
Krish Sadhukhan ,1,1,#N/A,3,
Krish Sadhukhan ,1,1,#N/A,3,
Krishnamraju Eraparaju ,2,2,#N/A,3,
Krishnamraju Eraparaju ,2,2,#N/A,3,
Kristian Evensen ,3,2,#N/A,3,
Kristian Evensen ,3,2,#N/A,3,
Krzysztof Kozlowski ,36,2,#N/A,3,
Krzysztof Kozlowski ,36,2,#N/A,3,
Kunihiko Hayashi ,2,2,#N/A,3,
Kunihiko Hayashi ,2,2,#N/A,3,
Kuninori Morimoto ,28,1,#N/A,3,
Kuninori Morimoto ,28,1,#N/A,3,
Kuniyuki Iwashima ,1,1,#N/A,3,
Kuniyuki Iwashima ,1,1,#N/A,3,
Kuppuswamy Sathyanarayanan ,1,1,#N/A,3,
Kuppuswamy Sathyanarayanan ,1,1,#N/A,3,
Lai Jiangshan ,8,1,#N/A,3,
Lai Jiangshan ,8,1,#N/A,3,
Lakshmi Ramasubramanian ,4,2,#N/A,3,
Lakshmi Ramasubramanian ,4,2,#N/A,3,
Larry Finger ,6,1,#N/A,3,
Larry Finger ,6,1,#N/A,3,
Lars M??llendorf ,1,1,#N/A,3,
Lars M??llendorf ,1,1,#N/A,3,
Lars-Peter Clausen ,1,1,#N/A,3,
Lars-Peter Clausen ,1,1,#N/A,3,
Laurentiu Tudor ,2,1,#N/A,3,
Laurentiu Tudor ,2,1,#N/A,3,
Lee Jones ,1,1,#N/A,1,
Lee Jones ,1,1,#N/A,1,
Len Brown ,5,1,#N/A,1,
Len Brown ,5,1,#N/A,1,
Leo Liu ,2,1,#N/A,1,
Leo Liu ,2,1,#N/A,1,
Leo Yan ,2,1,#N/A,1,
Leo Yan ,2,1,#N/A,1,
Leon Romanovsky ,8,4,#N/A,1,
Leon Romanovsky ,8,4,#N/A,1,
Leonard Crestez ,7,7,#N/A,1,
Leonard Crestez ,7,7,#N/A,1,
Leonardo Bras ,2,1,#N/A,1,
Leonardo Bras ,2,1,#N/A,1,
Lewis Huang ,4,1,#N/A,1,
Lewis Huang ,4,1,#N/A,1,
Ley Foon Tan ,2,2,#N/A,1,
Ley Foon Tan ,2,2,#N/A,1,
Li Guanglei ,1,1,#N/A,1,
Li Guanglei ,1,1,#N/A,1,
Li RongQing ,3,2,#N/A,1,
Li RongQing ,3,2,#N/A,1,
Li Xinhai ,1,1,#N/A,1,
Li Xinhai ,1,1,#N/A,1,
Liang Chen ,1,1,#N/A,1,
Liang Chen ,1,1,#N/A,1,
lijiazi ,1,1,#N/A,1,
lijiazi ,1,1,#N/A,1,
Lijun Ou ,2,1,#N/A,1,
Lijun Ou ,2,1,#N/A,1,
Liming Sun ,1,1,#N/A,1,
Liming Sun ,1,1,#N/A,1,
Linu Cherian ,1,1,#N/A,1,
Linu Cherian ,1,1,#N/A,1,
Linus Torvalds ,480,3,#N/A,435,
Linus Torvalds ,480,3,#N/A,435,
Linus Walleij ,28,5,#N/A,12,
Linus Walleij ,28,5,#N/A,12,
Liu Song ,2,1,#N/A,12,
Liu Song ,2,1,#N/A,12,
Logan Gunthorpe ,11,3,#N/A,12,
Logan Gunthorpe ,11,3,#N/A,12,
Loic Poulain ,1,1,#N/A,12,
Loic Poulain ,1,1,#N/A,12,
Lokesh Vutla ,1,1,#N/A,12,
Lokesh Vutla ,1,1,#N/A,12,
Long Li ,1,1,#N/A,12,
Long Li ,1,1,#N/A,12,
Lorenz Bauer ,6,5,#N/A,12,
Lorenz Bauer ,6,5,#N/A,12,
Lorenzo Bianconi ,9,7,#N/A,12,
Lorenzo Bianconi ,9,7,#N/A,12,
Lu Baolu ,3,1,#N/A,12,
Lu Baolu ,3,1,#N/A,12,
Lu Shuaibing ,1,1,#N/A,12,
Lu Shuaibing ,1,1,#N/A,12,
luanshi ,1,1,#N/A,12,
luanshi ,1,1,#N/A,12,
Lubomir Rintel ,3,2,#N/A,12,
Lubomir Rintel ,3,2,#N/A,12,
Luc Van Oostenryck ,3,1,#N/A,12,
Luc Van Oostenryck ,3,1,#N/A,12,
Luca Ceresoli ,29,1,#N/A,12,
Luca Ceresoli ,29,1,#N/A,12,
Luca Coelho ,1,1,#N/A,12,
Luca Coelho ,1,1,#N/A,12,
Luca Weiss ,2,2,#N/A,12,
Luca Weiss ,2,2,#N/A,12,
Lucas De Marchi ,1,1,#N/A,12,
Lucas De Marchi ,1,1,#N/A,12,
Lucas Stach ,1,1,#N/A,12,
Lucas Stach ,1,1,#N/A,12,
Lucas Tanure ,1,1,#N/A,12,
Lucas Tanure ,1,1,#N/A,12,
Luis Henriques ,2,2,#N/A,12,
Luis Henriques ,2,2,#N/A,12,
Luiz Augusto von Dentz ,7,1,#N/A,12,
Luiz Augusto von Dentz ,7,1,#N/A,12,
Lukas Bulwahn ,8,4,#N/A,12,
Lukas Bulwahn ,8,4,#N/A,12,
Lukas Wunner ,9,3,#N/A,12,
Lukas Wunner ,9,3,#N/A,12,
Luo bin ,3,1,#N/A,12,
Luo bin ,3,1,#N/A,12,
Luo Jiaxing ,3,1,#N/A,12,
Luo Jiaxing ,3,1,#N/A,12,
Luuk Paulussen ,1,1,#N/A,12,
Luuk Paulussen ,1,1,#N/A,12,
Lyude Paul ,10,3,#N/A,12,
Lyude Paul ,10,3,#N/A,12,
Ma Jun ,1,1,#N/A,12,
Ma Jun ,1,1,#N/A,12,
Maarten Brock ,3,1,#N/A,12,
Maarten Brock ,3,1,#N/A,12,
Maarten Lankhorst ,1,1,#N/A,2,
Maarten Lankhorst ,1,1,#N/A,2,
Maciej Fijalkowski ,3,3,#N/A,2,
Maciej Fijalkowski ,3,3,#N/A,2,
Maciej S. Szmigiero ,2,1,#N/A,2,
Maciej S. Szmigiero ,2,1,#N/A,2,
Madalin Bucur ,9,1,#N/A,2,
Madalin Bucur ,9,1,#N/A,2,
Madhuparna Bhowmik ,20,1,#N/A,2,
Madhuparna Bhowmik ,20,1,#N/A,2,
Magnus Karlsson ,2,1,#N/A,2,
Magnus Karlsson ,2,1,#N/A,2,
Mahesh Bandewar ,3,3,#N/A,2,
Mahesh Bandewar ,3,3,#N/A,2,
Maital Hahn ,1,1,#N/A,2,
Maital Hahn ,1,1,#N/A,2,
MaJun ,1,1,#N/A,2,
MaJun ,1,1,#N/A,2,
Malcolm Priestley ,6,2,#N/A,2,
Malcolm Priestley ,6,2,#N/A,2,
Manfred Spraul ,4,2,#N/A,2,
Manfred Spraul ,4,2,#N/A,2,
Manish Chopra ,1,1,#N/A,2,
Manish Chopra ,1,1,#N/A,2,
Manish Narani ,1,1,#N/A,2,
Manish Narani ,1,1,#N/A,2,
Manivannan Sadhasivam ,4,1,#N/A,2,
Manivannan Sadhasivam ,4,1,#N/A,2,
Mans Rullgard ,1,1,#N/A,2,
Mans Rullgard ,1,1,#N/A,2,
Mansour Behabadi ,1,1,#N/A,2,
Mansour Behabadi ,1,1,#N/A,2,
Mao Han ,1,1,#N/A,2,
Mao Han ,1,1,#N/A,2,
Maoguang Meng ,1,1,#N/A,2,
Maoguang Meng ,1,1,#N/A,2,
Maor Gottlieb ,3,3,#N/A,2,
Maor Gottlieb ,3,3,#N/A,2,
Marc Zyngier ,21,6,#N/A,2,
Marc Zyngier ,21,6,#N/A,2,
Marcel Holtmann ,3,1,#N/A,2,
Marcel Holtmann ,3,1,#N/A,2,
Marcel Ziswiler ,1,1,#N/A,2,
Marcel Ziswiler ,1,1,#N/A,2,
Marco Elver ,1,1,#N/A,2,
Marco Elver ,1,1,#N/A,2,
Marco Felsch ,14,3,#N/A,2,
Marco Felsch ,14,3,#N/A,2,
Marcos Paulo de Souza ,2,1,#N/A,2,
Marcos Paulo de Souza ,2,1,#N/A,2,
Marek Behún ,1,1,#N/A,2,
Marek Behún ,1,1,#N/A,2,
Marek Marczykowski-Górecki ,1,1,#N/A,2,
Marek Marczykowski-Górecki ,1,1,#N/A,2,
Marek Szyprowski ,10,5,#N/A,2,
Marek Szyprowski ,10,5,#N/A,2,
Marek Vasut ,8,2,#N/A,2,
Marek Vasut ,8,2,#N/A,2,
Mario Kleiner ,4,1,#N/A,2,
Mario Kleiner ,4,1,#N/A,2,
Marios Pomonis ,13,12,#N/A,2,
Marios Pomonis ,13,12,#N/A,2,
Mark Brown ,21,2,#N/A,13,
Mark Brown ,21,2,#N/A,13,
Mark Rutland ,11,3,#N/A,13,
Mark Rutland ,11,3,#N/A,13,
Mark Tomlinson ,1,1,#N/A,13,
Mark Tomlinson ,1,1,#N/A,13,
Mark Zhang ,2,2,#N/A,13,
Mark Zhang ,2,2,#N/A,13,
Markus Reichl ,1,1,#N/A,13,
Markus Reichl ,1,1,#N/A,13,
Markus Theil ,1,1,#N/A,13,
Markus Theil ,1,1,#N/A,13,
Martijn Coenen ,1,1,#N/A,13,
Martijn Coenen ,1,1,#N/A,13,
Martin Blumenstingl ,3,1,#N/A,13,
Martin Blumenstingl ,3,1,#N/A,13,
Martin Fuzzey ,2,1,#N/A,13,
Martin Fuzzey ,2,1,#N/A,13,
Martin KaFai Lau ,13,6,#N/A,1,
Martin KaFai Lau ,13,6,#N/A,1,
Martin Kepplinger ,1,1,#N/A,1,
Martin Kepplinger ,1,1,#N/A,1,
Martin Leung ,2,1,#N/A,1,
Martin Leung ,2,1,#N/A,1,
Martin Schiller ,2,1,#N/A,1,
Martin Schiller ,2,1,#N/A,1,
Martin Tsai ,1,1,#N/A,1,
Martin Tsai ,1,1,#N/A,1,
Masahiro Yamada ,61,5,#N/A,1,
Masahiro Yamada ,61,5,#N/A,1,
Masami Hiramatsu ,49,4,#N/A,1,
Masami Hiramatsu ,49,4,#N/A,1,
Masami Ichikawa ,1,1,#N/A,1,
Masami Ichikawa ,1,1,#N/A,1,
Masanari Iida ,3,1,#N/A,1,
Masanari Iida ,3,1,#N/A,1,
Mat Martineau ,6,1,#N/A,1,
Mat Martineau ,6,1,#N/A,1,
Mateusz Nosek ,2,1,#N/A,1,
Mateusz Nosek ,2,1,#N/A,1,
Matheus Castello ,1,1,#N/A,1,
Matheus Castello ,1,1,#N/A,1,
Mathias Kresin ,1,1,#N/A,1,
Mathias Kresin ,1,1,#N/A,1,
Mathias Nyman ,5,2,#N/A,1,
Mathias Nyman ,5,2,#N/A,1,
Mathieu Desnoyers ,1,1,#N/A,1,
Mathieu Desnoyers ,1,1,#N/A,1,
Matt Coffin ,1,1,#N/A,1,
Matt Coffin ,1,1,#N/A,1,
Matt Ranostay ,1,1,#N/A,1,
Matt Ranostay ,1,1,#N/A,1,
Matt Roper ,4,4,#N/A,1,
Matt Roper ,4,4,#N/A,1,
Matteo Croce ,3,2,#N/A,1,
Matteo Croce ,3,2,#N/A,1,
Matthew Auld ,2,2,#N/A,1,
Matthew Auld ,2,2,#N/A,1,
Matthew Garrett ,1,1,#N/A,1,
Matthew Garrett ,1,1,#N/A,1,
Matthew Wilcox (Oracle) ,5,1,#N/A,1,
Matthew Wilcox (Oracle) ,5,1,#N/A,1,
Matthias Brugger ,1,1,#N/A,1,
Matthias Brugger ,1,1,#N/A,1,
Matthias Fend ,1,1,#N/A,1,
Matthias Fend ,1,1,#N/A,1,
Matthias Kaehlcke ,1,1,#N/A,1,
Matthias Kaehlcke ,1,1,#N/A,1,
Matthias Reichl ,1,1,#N/A,1,
Matthias Reichl ,1,1,#N/A,1,
Matthieu Baerts ,3,3,#N/A,1,
Matthieu Baerts ,3,3,#N/A,1,
Matti Vaittinen ,11,2,#N/A,1,
Matti Vaittinen ,11,2,#N/A,1,
Matwey V. Kornilov ,1,1,#N/A,1,
Matwey V. Kornilov ,1,1,#N/A,1,
Mauro Carvalho Chehab ,34,1,#N/A,1,
Mauro Carvalho Chehab ,34,1,#N/A,1,
Mauro Rossi ,1,1,#N/A,1,
Mauro Rossi ,1,1,#N/A,1,
Max Filippov ,9,1,#N/A,1,
Max Filippov ,9,1,#N/A,1,
Max Gurtovoy ,1,1,#N/A,1,
Max Gurtovoy ,1,1,#N/A,1,
Maxim Kiselev ,1,1,#N/A,1,
Maxim Kiselev ,1,1,#N/A,1,
Maxim Mikityanskiy ,2,1,#N/A,1,
Maxim Mikityanskiy ,2,1,#N/A,1,
Maxime Ripard ,4,4,#N/A,1,
Maxime Ripard ,4,4,#N/A,1,
Md Fahad Iqbal Polash ,2,1,#N/A,1,
Md Fahad Iqbal Polash ,2,1,#N/A,1,
Megha Dey ,2,2,#N/A,1,
Megha Dey ,2,2,#N/A,1,
Meir Lichtinger ,1,1,#N/A,1,
Meir Lichtinger ,1,1,#N/A,1,
Mel Gorman ,3,1,#N/A,1,
Mel Gorman ,3,1,#N/A,1,
Mert Dirik ,1,1,#N/A,1,
Mert Dirik ,1,1,#N/A,1,
Miaohe Lin ,23,1,#N/A,1,
Miaohe Lin ,23,1,#N/A,1,
Micha?? Miros??aw ,9,4,#N/A,1,
Micha?? Miros??aw ,9,4,#N/A,1,
Micha?? Winiarski ,2,1,#N/A,1,
Micha?? Winiarski ,2,1,#N/A,1,
Michael Auchter ,1,1,#N/A,1,
Michael Auchter ,1,1,#N/A,1,
Michael Bringmann ,1,1,#N/A,1,
Michael Bringmann ,1,1,#N/A,1,
Michael Chan ,12,6,#N/A,1,
Michael Chan ,12,6,#N/A,1,
Michael Ellerman ,18,3,#N/A,1,
Michael Ellerman ,18,3,#N/A,1,
Michael Grzeschik ,1,1,#N/A,1,
Michael Grzeschik ,1,1,#N/A,1,
Michael Guralnik ,8,3,#N/A,1,
Michael Guralnik ,8,3,#N/A,1,
Michael Petlan ,1,1,#N/A,1,
Michael Petlan ,1,1,#N/A,1,
Michael S. Tsirkin ,1,1,#N/A,1,
Michael S. Tsirkin ,1,1,#N/A,1,
Michael Straube ,14,1,#N/A,1,
Michael Straube ,14,1,#N/A,1,
Michael Strauss ,2,1,#N/A,1,
Michael Strauss ,2,1,#N/A,1,
Michael Walle ,13,4,#N/A,1,
Michael Walle ,13,4,#N/A,1,
Michal Hocko ,1,1,#N/A,1,
Michal Hocko ,1,1,#N/A,1,
Michal Kalderon ,14,2,#N/A,1,
Michal Kalderon ,14,2,#N/A,1,
Michal Koutn?? ,2,1,#N/A,1,
Michal Koutn?? ,2,1,#N/A,1,
Michal Kubecek ,9,2,#N/A,1,
Michal Kubecek ,9,2,#N/A,1,
Michal Rostecki ,1,1,#N/A,1,
Michal Rostecki ,1,1,#N/A,1,
Michal Simek ,6,2,#N/A,1,
Michal Simek ,6,2,#N/A,1,
Michal Swiatkowski ,1,1,#N/A,1,
Michal Swiatkowski ,1,1,#N/A,1,
Michal Wajdeczko ,4,1,#N/A,1,
Michal Wajdeczko ,4,1,#N/A,1,
Miguel Ojeda ,1,1,#N/A,1,
Miguel Ojeda ,1,1,#N/A,1,
Mika Westerberg ,31,5,#N/A,1,
Mika Westerberg ,31,5,#N/A,1,
Mike Christie ,1,1,#N/A,1,
Mike Christie ,1,1,#N/A,1,
Mike Gilbert ,1,1,#N/A,1,
Mike Gilbert ,1,1,#N/A,1,
Mike Jones ,1,1,#N/A,1,
Mike Jones ,1,1,#N/A,1,
Mike Marciniszyn ,1,1,#N/A,1,
Mike Marciniszyn ,1,1,#N/A,1,
Mike Rapoport ,3,1,#N/A,1,
Mike Rapoport ,3,1,#N/A,1,
Mike Snitzer ,6,3,#N/A,1,
Mike Snitzer ,6,3,#N/A,1,
Mikhail Karpenko ,1,1,#N/A,1,
Mikhail Karpenko ,1,1,#N/A,1,
Mikhail Petrov ,1,1,#N/A,1,
Mikhail Petrov ,1,1,#N/A,1,
Mikhail Zaslonko ,6,1,#N/A,1,
Mikhail Zaslonko ,6,1,#N/A,1,
Mikita Lipski ,3,1,#N/A,1,
Mikita Lipski ,3,1,#N/A,1,
Miklos Szeredi ,7,6,#N/A,1,
Miklos Szeredi ,7,6,#N/A,1,
Mikulas Patocka ,11,5,#N/A,1,
Mikulas Patocka ,11,5,#N/A,1,
Milan Broz ,2,2,#N/A,1,
Milan Broz ,2,2,#N/A,1,
Milan Pandurov ,1,1,#N/A,1,
Milan Pandurov ,1,1,#N/A,1,
Miles Chen ,1,1,#N/A,1,
Miles Chen ,1,1,#N/A,1,
Milind Parab ,1,1,#N/A,1,
Milind Parab ,1,1,#N/A,1,
Mimi Zohar ,1,1,#N/A,1,
Mimi Zohar ,1,1,#N/A,1,
Min Guo ,5,1,#N/A,1,
Min Guo ,5,1,#N/A,1,
Minas Harutyunyan ,3,3,#N/A,1,
Minas Harutyunyan ,3,3,#N/A,1,
Ming Lei ,4,2,#N/A,1,
Ming Lei ,4,2,#N/A,1,
Miquel Raynal ,5,1,#N/A,2,
Miquel Raynal ,5,1,#N/A,2,
Miroslav Benes ,3,1,#N/A,2,
Miroslav Benes ,3,1,#N/A,2,
Mohammed Gamal ,1,1,#N/A,2,
Mohammed Gamal ,1,1,#N/A,2,
Mohan Kumar ,2,1,#N/A,2,
Mohan Kumar ,2,1,#N/A,2,
Mohit P. Tahiliani ,10,1,#N/A,2,
Mohit P. Tahiliani ,10,1,#N/A,2,
Moni Shoua ,5,1,#N/A,2,
Moni Shoua ,5,1,#N/A,2,
Monk Liu ,1,1,#N/A,2,
Monk Liu ,1,1,#N/A,2,
Mordechay Goodstein ,1,1,#N/A,2,
Mordechay Goodstein ,1,1,#N/A,2,
Moritz Fischer ,1,1,#N/A,2,
Moritz Fischer ,1,1,#N/A,2,
Moshe Shemesh ,1,1,#N/A,2,
Moshe Shemesh ,1,1,#N/A,2,
Murphy Zhou ,3,1,#N/A,2,
Murphy Zhou ,3,1,#N/A,2,
Nagarjuna Kristam ,1,1,#N/A,2,
Nagarjuna Kristam ,1,1,#N/A,2,
Naoto Kobayashi ,1,1,#N/A,2,
Naoto Kobayashi ,1,1,#N/A,2,
Nariman Etemadi ,1,1,#N/A,2,
Nariman Etemadi ,1,1,#N/A,2,
Nathan Chancellor ,18,13,#N/A,2,
Nathan Chancellor ,18,13,#N/A,2,
Naveen N. Rao ,1,1,#N/A,2,
Naveen N. Rao ,1,1,#N/A,2,
Navid Emamdoost ,1,1,#N/A,2,
Navid Emamdoost ,1,1,#N/A,2,
Neal Cardwell ,1,1,#N/A,2,
Neal Cardwell ,1,1,#N/A,2,
Nicholas Johnson ,9,1,#N/A,2,
Nicholas Johnson ,9,1,#N/A,2,
Nicholas Kazlauskas ,12,1,#N/A,2,
Nicholas Kazlauskas ,12,1,#N/A,2,
Nicholas Piggin ,1,1,#N/A,2,
Nicholas Piggin ,1,1,#N/A,2,
Nick Black ,1,1,#N/A,2,
Nick Black ,1,1,#N/A,2,
Nick Desaulniers ,1,1,#N/A,2,
Nick Desaulniers ,1,1,#N/A,2,
Nick Hu ,3,1,#N/A,2,
Nick Hu ,3,1,#N/A,2,
Nicola Lunghi ,1,1,#N/A,2,
Nicola Lunghi ,1,1,#N/A,2,
Nicolai Stange ,2,2,#N/A,2,
Nicolai Stange ,2,2,#N/A,2,
Nicolas Belin ,1,1,#N/A,2,
Nicolas Belin ,1,1,#N/A,2,
Nicolas Cavallari ,1,1,#N/A,2,
Nicolas Cavallari ,1,1,#N/A,2,
Nicolas Dichtel ,2,1,#N/A,2,
Nicolas Dichtel ,2,1,#N/A,2,
Nicolas Ferre ,2,2,#N/A,2,
Nicolas Ferre ,2,2,#N/A,2,
Nicolas Pitre ,1,1,#N/A,2,
Nicolas Pitre ,1,1,#N/A,2,
Nicolas Saenz Julienne ,9,4,#N/A,2,
Nicolas Saenz Julienne ,9,4,#N/A,2,
Nicolin Chen ,1,1,#N/A,2,
Nicolin Chen ,1,1,#N/A,2,
Nigel Kirkland ,1,1,#N/A,2,
Nigel Kirkland ,1,1,#N/A,2,
Nikhil Mahale ,1,1,#N/A,2,
Nikhil Mahale ,1,1,#N/A,2,
Nikita Danilov ,1,1,#N/A,2,
Nikita Danilov ,1,1,#N/A,2,
Nikita Sobolev ,1,1,#N/A,2,
Nikita Sobolev ,1,1,#N/A,2,
Niklas Cassel ,1,1,#N/A,2,
Niklas Cassel ,1,1,#N/A,2,
Niklas S??derlund ,4,1,#N/A,2,
Niklas S??derlund ,4,1,#N/A,2,
Niklas Schnelle ,3,1,#N/A,2,
Niklas Schnelle ,3,1,#N/A,2,
Niko Kortstrom ,1,1,#N/A,2,
Niko Kortstrom ,1,1,#N/A,2,
Nikola Cornij ,1,1,#N/A,2,
Nikola Cornij ,1,1,#N/A,2,
Nikolay Aleksandrov ,14,3,#N/A,2,
Nikolay Aleksandrov ,14,3,#N/A,2,
Nikolay Borisov ,13,3,#N/A,2,
Nikolay Borisov ,13,3,#N/A,2,
Nirmoy Das ,8,1,#N/A,2,
Nirmoy Das ,8,1,#N/A,2,
Nishad Kamdar ,3,1,#N/A,2,
Nishad Kamdar ,3,1,#N/A,2,
Nitesh Narayan Lal ,1,1,#N/A,2,
Nitesh Narayan Lal ,1,1,#N/A,2,
Niu Xilei ,1,1,#N/A,2,
Niu Xilei ,1,1,#N/A,2,
Noah Abradjian ,4,1,#N/A,2,
Noah Abradjian ,4,1,#N/A,2,
Nuno Sá ,2,1,#N/A,2,
Nuno Sá ,2,1,#N/A,2,
Oded Gabbay ,2,1,#N/A,2,
Oded Gabbay ,2,1,#N/A,2,
Oder Chiou ,1,1,#N/A,2,
Oder Chiou ,1,1,#N/A,2,
Ofir Drang ,1,1,#N/A,2,
Ofir Drang ,1,1,#N/A,2,
OGAWA Hirofumi ,1,1,#N/A,2,
OGAWA Hirofumi ,1,1,#N/A,2,
Ole Wiedemann ,1,1,#N/A,2,
Ole Wiedemann ,1,1,#N/A,2,
Oleksandr Suvorov ,2,2,#N/A,2,
Oleksandr Suvorov ,2,2,#N/A,2,
Olga Kornievskaia ,4,2,#N/A,2,
Olga Kornievskaia ,4,2,#N/A,2,
Oliver Neukum ,1,1,#N/A,2,
Oliver Neukum ,1,1,#N/A,2,
Oliver O'Halloran ,23,1,#N/A,2,
Oliver O'Halloran ,23,1,#N/A,2,
Oliver Upton ,8,4,#N/A,2,
Oliver Upton ,8,4,#N/A,2,
Olivier Moysan ,5,2,#N/A,2,
Olivier Moysan ,5,2,#N/A,2,
Olof Johansson ,98,3,#N/A,110,
Olof Johansson ,98,3,#N/A,110,
Omar Sandoval ,12,2,#N/A,110,
Omar Sandoval ,12,2,#N/A,110,
Omer Shpigelman ,1,1,#N/A,110,
Omer Shpigelman ,1,1,#N/A,110,
Ondrej Mosnacek ,5,3,#N/A,110,
Ondrej Mosnacek ,5,3,#N/A,110,
Ong Boon Leong ,1,1,#N/A,110,
Ong Boon Leong ,1,1,#N/A,110,
"Ooi, Joyce ",1,1,#N/A,110,
"Ooi, Joyce ",1,1,#N/A,110,
or: Alex Deucher ,1,1,#N/A,110,
or: Alex Deucher ,1,1,#N/A,110,
or: Kirill A. Shutemov ,1,1,#N/A,110,
or: Kirill A. Shutemov ,1,1,#N/A,110,
or: Peter Rosin ,2,1,#N/A,110,
or: Peter Rosin ,2,1,#N/A,110,
Orr Mazor ,1,1,#N/A,110,
Orr Mazor ,1,1,#N/A,110,
Orson Zhai ,2,1,#N/A,110,
Orson Zhai ,2,1,#N/A,110,
Oscar Ravadilla ,1,1,#N/A,110,
Oscar Ravadilla ,1,1,#N/A,110,
Pablo Neira Ayuso ,18,8,#N/A,1,
Pablo Neira Ayuso ,18,8,#N/A,1,
Pali Rohár ,2,1,#N/A,1,
Pali Rohár ,2,1,#N/A,1,
Pan Xiuli ,2,1,#N/A,1,
Pan Xiuli ,2,1,#N/A,1,
"Pan, Xinhui ",1,1,#N/A,1,
"Pan, Xinhui ",1,1,#N/A,1,
Paolo Abeni ,9,4,#N/A,1,
Paolo Abeni ,9,4,#N/A,1,
Paolo Bonzini ,29,4,#N/A,7,
Paolo Bonzini ,29,4,#N/A,7,
Paolo Lungaroni ,1,1,#N/A,7,
Paolo Lungaroni ,1,1,#N/A,7,
Paolo Valente ,7,1,#N/A,7,
Paolo Valente ,7,1,#N/A,7,
Parav Pandit ,2,1,#N/A,7,
Parav Pandit ,2,1,#N/A,7,
Pascal Paillet ,6,1,#N/A,7,
Pascal Paillet ,6,1,#N/A,7,
Patrice Chotard ,1,1,#N/A,7,
Patrice Chotard ,1,1,#N/A,7,
Patrick Rudolph ,1,1,#N/A,7,
Patrick Rudolph ,1,1,#N/A,7,
Paul Blakey ,14,5,#N/A,7,
Paul Blakey ,14,5,#N/A,7,
Paul Burton ,3,2,#N/A,7,
Paul Burton ,3,2,#N/A,7,
Paul Cercueil ,14,3,#N/A,7,
Paul Cercueil ,14,3,#N/A,7,
Paul E. McKenney ,12,1,#N/A,1,
Paul E. McKenney ,12,1,#N/A,1,
Paul Greenwalt ,1,1,#N/A,1,
Paul Greenwalt ,1,1,#N/A,1,
Paul Hsieh ,2,1,#N/A,1,
Paul Hsieh ,2,1,#N/A,1,
Paul Kocialkowski ,1,1,#N/A,1,
Paul Kocialkowski ,1,1,#N/A,1,
Paul Moore ,3,2,#N/A,1,
Paul Moore ,3,2,#N/A,1,
Paul Thomas ,1,1,#N/A,1,
Paul Thomas ,1,1,#N/A,1,
Paulo Alcantara (SUSE) ,9,3,#N/A,1,
Paulo Alcantara (SUSE) ,9,3,#N/A,1,
Paulo Miguel Almeida ,1,1,#N/A,1,
Paulo Miguel Almeida ,1,1,#N/A,1,
Pavan Chebbi ,1,1,#N/A,1,
Pavan Chebbi ,1,1,#N/A,1,
Pavel ,1,1,#N/A,1,
Pavel ,1,1,#N/A,1,
Pavel Begunkov ,37,3,#N/A,1,
Pavel Begunkov ,37,3,#N/A,1,
Pavel Belous ,3,2,#N/A,1,
Pavel Belous ,3,2,#N/A,1,
Pavel Machek ,2,1,#N/A,1,
Pavel Machek ,2,1,#N/A,1,
Pawan Gupta ,1,1,#N/A,1,
Pawan Gupta ,1,1,#N/A,1,
Peng Fan ,3,2,#N/A,1,
Peng Fan ,3,2,#N/A,1,
Peng Hao ,1,1,#N/A,1,
Peng Hao ,1,1,#N/A,1,
Peng Liu ,1,1,#N/A,1,
Peng Liu ,1,1,#N/A,1,
Peng Wang ,1,1,#N/A,1,
Peng Wang ,1,1,#N/A,1,
Pengcheng Yang ,1,1,#N/A,1,
Pengcheng Yang ,1,1,#N/A,1,
Per Forlin ,2,1,#N/A,1,
Per Forlin ,2,1,#N/A,1,
Peter Chen ,8,5,#N/A,1,
Peter Chen ,8,5,#N/A,1,
Peter Gro??e ,1,1,#N/A,1,
Peter Gro??e ,1,1,#N/A,1,
Peter Krystad ,7,1,#N/A,1,
Peter Krystad ,7,1,#N/A,1,
Peter Mamonov ,1,1,#N/A,1,
Peter Mamonov ,1,1,#N/A,1,
Peter Robinson ,2,2,#N/A,1,
Peter Robinson ,2,2,#N/A,1,
Peter Ujfalusi ,34,2,#N/A,1,
Peter Ujfalusi ,34,2,#N/A,1,
Peter Xu ,5,2,#N/A,1,
Peter Xu ,5,2,#N/A,1,
Peter Zijlstra ,11,4,#N/A,1,
Peter Zijlstra ,11,4,#N/A,1,
Peter Zijlstra (Intel) ,1,1,#N/A,1,
Peter Zijlstra (Intel) ,1,1,#N/A,1,
Petr ??tetiar ,1,1,#N/A,1,
Petr ??tetiar ,1,1,#N/A,1,
Petr Machata ,17,4,#N/A,1,
Petr Machata ,17,4,#N/A,1,
Petr Mladek ,5,1,#N/A,1,
Petr Mladek ,5,1,#N/A,1,
Petr Pavlu ,1,1,#N/A,1,
Petr Pavlu ,1,1,#N/A,1,
Petr Vorel ,1,1,#N/A,1,
Petr Vorel ,1,1,#N/A,1,
Phil Elwell ,1,1,#N/A,1,
Phil Elwell ,1,1,#N/A,1,
Philipp Zabel ,1,1,#N/A,1,
Philipp Zabel ,1,1,#N/A,1,
Philippe Schenker ,1,1,#N/A,1,
Philippe Schenker ,1,1,#N/A,1,
Phong LE ,1,1,#N/A,1,
Phong LE ,1,1,#N/A,1,
Pierre Morel ,1,1,#N/A,1,
Pierre Morel ,1,1,#N/A,1,
Pierre-Louis Bossart ,43,6,#N/A,1,
Pierre-Louis Bossart ,43,6,#N/A,1,
Pi-Hsun Shih ,1,1,#N/A,1,
Pi-Hsun Shih ,1,1,#N/A,1,
Pingfan Liu ,2,2,#N/A,1,
Pingfan Liu ,2,2,#N/A,1,
Ping-Ke Shih ,2,1,#N/A,1,
Ping-Ke Shih ,2,1,#N/A,1,
Prabhakar Kushwaha ,1,1,#N/A,1,
Prabhakar Kushwaha ,1,1,#N/A,1,
Prabhath Sajeepa ,1,1,#N/A,1,
Prabhath Sajeepa ,1,1,#N/A,1,
Pragat Pandya ,1,1,#N/A,1,
Pragat Pandya ,1,1,#N/A,1,
Prashant Malani ,1,1,#N/A,1,
Prashant Malani ,1,1,#N/A,1,
Pratham Pratap ,1,1,#N/A,1,
Pratham Pratap ,1,1,#N/A,1,
Praveen Chaudhary ,1,1,#N/A,1,
Praveen Chaudhary ,1,1,#N/A,1,
Prike Liang ,2,1,#N/A,1,
Prike Liang ,2,1,#N/A,1,
Qais Yousef ,2,2,#N/A,1,
Qais Yousef ,2,2,#N/A,1,
Qian Cai ,13,4,#N/A,1,
Qian Cai ,13,4,#N/A,1,
Qianggui Song ,3,1,#N/A,1,
Qianggui Song ,3,1,#N/A,1,
Qing Xu ,2,1,#N/A,1,
Qing Xu ,2,1,#N/A,1,
Qiujun Huang ,3,1,#N/A,1,
Qiujun Huang ,3,1,#N/A,1,
Qu Wenruo ,8,2,#N/A,1,
Qu Wenruo ,8,2,#N/A,1,
Quanyang Wang ,1,1,#N/A,1,
Quanyang Wang ,1,1,#N/A,1,
Quentin Deslandes ,1,1,#N/A,1,
Quentin Deslandes ,1,1,#N/A,1,
Raag Jadav ,1,1,#N/A,1,
Raag Jadav ,1,1,#N/A,1,
Raed Salem ,2,2,#N/A,1,
Raed Salem ,2,2,#N/A,1,
Rafa?? Mi??ecki ,2,1,#N/A,1,
Rafa?? Mi??ecki ,2,1,#N/A,1,
Rafael J. Wysocki ,44,5,#N/A,25,
Rafael J. Wysocki ,44,5,#N/A,25,
Rahul Lakkireddy ,2,2,#N/A,25,
Rahul Lakkireddy ,2,2,#N/A,25,
Rajan Vaja ,7,1,#N/A,25,
Rajan Vaja ,7,1,#N/A,25,
Rakesh Pillai ,1,1,#N/A,25,
Rakesh Pillai ,1,1,#N/A,25,
Ralph Campbell ,3,1,#N/A,25,
Ralph Campbell ,3,1,#N/A,25,
Ramuthevar Vadivel Murugan ,3,1,#N/A,25,
Ramuthevar Vadivel Murugan ,3,1,#N/A,25,
Ran Wang ,1,1,#N/A,25,
Ran Wang ,1,1,#N/A,25,
Rander Wang ,3,1,#N/A,25,
Rander Wang ,3,1,#N/A,25,
Randy Dunlap ,25,5,#N/A,25,
Randy Dunlap ,25,5,#N/A,25,
Ranjani Sridharan ,1,1,#N/A,25,
Ranjani Sridharan ,1,1,#N/A,25,
Rao Shoaib ,2,1,#N/A,25,
Rao Shoaib ,2,1,#N/A,25,
Rasmus Villemoes ,6,1,#N/A,25,
Rasmus Villemoes ,6,1,#N/A,25,
Raul E Rangel ,1,1,#N/A,25,
Raul E Rangel ,1,1,#N/A,25,
Ravi Bangoria ,13,1,#N/A,25,
Ravi Bangoria ,13,1,#N/A,25,
Ravi Kumar Siddojigari ,1,1,#N/A,25,
Ravi Kumar Siddojigari ,1,1,#N/A,25,
Ravulapati Vishnu vardhan rao ,4,1,#N/A,25,
Ravulapati Vishnu vardhan rao ,4,1,#N/A,25,
Rayagonda Kokatanur ,1,1,#N/A,25,
Rayagonda Kokatanur ,1,1,#N/A,25,
Razvan Stefanescu ,1,1,#N/A,25,
Razvan Stefanescu ,1,1,#N/A,25,
Reinhard Speyerer ,1,1,#N/A,25,
Reinhard Speyerer ,1,1,#N/A,25,
Remi Pommarel ,1,1,#N/A,25,
Remi Pommarel ,1,1,#N/A,25,
Reto Schneider ,3,1,#N/A,25,
Reto Schneider ,3,1,#N/A,25,
Rhys Perry ,1,1,#N/A,25,
Rhys Perry ,1,1,#N/A,25,
Richard Dodd ,1,1,#N/A,25,
Richard Dodd ,1,1,#N/A,25,
Richard Henderson ,11,1,#N/A,25,
Richard Henderson ,11,1,#N/A,25,
Richard Palethorpe ,1,1,#N/A,25,
Richard Palethorpe ,1,1,#N/A,25,
Ricky Wu ,1,1,#N/A,25,
Ricky Wu ,1,1,#N/A,25,
Ridge Kennedy ,1,1,#N/A,25,
Ridge Kennedy ,1,1,#N/A,25,
Rijo Thomas ,5,2,#N/A,25,
Rijo Thomas ,5,2,#N/A,25,
Rikard Falkeborn ,1,1,#N/A,25,
Rikard Falkeborn ,1,1,#N/A,25,
Ritesh Harjani ,2,1,#N/A,25,
Ritesh Harjani ,2,1,#N/A,25,
Rob Clark ,5,2,#N/A,25,
Rob Clark ,5,2,#N/A,25,
Rob Herring ,13,3,#N/A,1,
Rob Herring ,13,3,#N/A,1,
Robert Jones ,4,1,#N/A,1,
Robert Jones ,4,1,#N/A,1,
Robert Marko ,2,1,#N/A,1,
Robert Marko ,2,1,#N/A,1,
Robert Milkowski ,2,2,#N/A,1,
Robert Milkowski ,2,2,#N/A,1,
Robert Richter ,2,2,#N/A,1,
Robert Richter ,2,2,#N/A,1,
Roberto Bergantinos Corpas ,1,1,#N/A,1,
Roberto Bergantinos Corpas ,1,1,#N/A,1,
Roberto Sassu ,1,1,#N/A,1,
Roberto Sassu ,1,1,#N/A,1,
Robin Murphy ,6,3,#N/A,1,
Robin Murphy ,6,3,#N/A,1,
Rocky Liao ,4,1,#N/A,1,
Rocky Liao ,4,1,#N/A,1,
Rodrigo Siqueira ,1,1,#N/A,1,
Rodrigo Siqueira ,1,1,#N/A,1,
Roger Quadros ,4,1,#N/A,1,
Roger Quadros ,4,1,#N/A,1,
Rohit Maheshwari ,1,1,#N/A,1,
Rohit Maheshwari ,1,1,#N/A,1,
Roi Dayan ,1,1,#N/A,1,
Roi Dayan ,1,1,#N/A,1,
Roland Scheidegger ,1,1,#N/A,1,
Roland Scheidegger ,1,1,#N/A,1,
Roman Gushchin ,1,1,#N/A,1,
Roman Gushchin ,1,1,#N/A,1,
Roman Kiryanov ,1,1,#N/A,1,
Roman Kiryanov ,1,1,#N/A,1,
Roman Li ,2,1,#N/A,1,
Roman Li ,2,1,#N/A,1,
Roman Penyaev ,1,1,#N/A,1,
Roman Penyaev ,1,1,#N/A,1,
Ronald Tschal??r ,1,1,#N/A,1,
Ronald Tschal??r ,1,1,#N/A,1,
Ronnie Sahlberg ,11,2,#N/A,1,
Ronnie Sahlberg ,11,2,#N/A,1,
Rui Feng ,1,1,#N/A,1,
Rui Feng ,1,1,#N/A,1,
Russell Currey ,2,1,#N/A,1,
Russell Currey ,2,1,#N/A,1,
Russell King ,45,4,#N/A,1,
Russell King ,45,4,#N/A,1,
Sachin agarwal ,2,1,#N/A,1,
Sachin agarwal ,2,1,#N/A,1,
Saeed Mahameed ,5,1,#N/A,1,
Saeed Mahameed ,5,1,#N/A,1,
Sagi Grimberg ,2,2,#N/A,1,
Sagi Grimberg ,2,2,#N/A,1,
Sahitya Tummala ,2,1,#N/A,1,
Sahitya Tummala ,2,1,#N/A,1,
Sai Prakash Ranjan ,2,2,#N/A,1,
Sai Prakash Ranjan ,2,2,#N/A,1,
Sakari Ailus ,2,1,#N/A,1,
Sakari Ailus ,2,1,#N/A,1,
Sam Bobroff ,1,1,#N/A,1,
Sam Bobroff ,1,1,#N/A,1,
Sameeh Jubran ,3,2,#N/A,1,
Sameeh Jubran ,3,2,#N/A,1,
Sameer Pujar ,1,1,#N/A,1,
Sameer Pujar ,1,1,#N/A,1,
Sameer Rahmani ,1,1,#N/A,1,
Sameer Rahmani ,1,1,#N/A,1,
Sami Tolvanen ,3,1,#N/A,1,
Sami Tolvanen ,3,1,#N/A,1,
Samuel Holland ,13,5,#N/A,1,
Samuel Holland ,13,5,#N/A,1,
Samuel Thibault ,1,1,#N/A,1,
Samuel Thibault ,1,1,#N/A,1,
Sandeep Sheriker Mallikarjun ,1,1,#N/A,1,
Sandeep Sheriker Mallikarjun ,1,1,#N/A,1,
Sara Sharon ,1,1,#N/A,1,
Sara Sharon ,1,1,#N/A,1,
Saravana Kannan ,3,2,#N/A,1,
Saravana Kannan ,3,2,#N/A,1,
Saravanan Sekar ,1,1,#N/A,1,
Saravanan Sekar ,1,1,#N/A,1,
Sargun Dhillon ,4,1,#N/A,1,
Sargun Dhillon ,4,1,#N/A,1,
Sascha Hauer ,2,2,#N/A,1,
Sascha Hauer ,2,2,#N/A,1,
Sasha Levin ,1,1,#N/A,1,
Sasha Levin ,1,1,#N/A,1,
Sasha Neftin ,5,1,#N/A,1,
Sasha Neftin ,5,1,#N/A,1,
satya priya ,1,1,#N/A,1,
satya priya ,1,1,#N/A,1,
Saurav Girepunje ,1,1,#N/A,1,
Saurav Girepunje ,1,1,#N/A,1,
Scott Branden ,2,1,#N/A,1,
Scott Branden ,2,1,#N/A,1,
Scott Chen ,1,1,#N/A,1,
Scott Chen ,1,1,#N/A,1,
Scott Mayhew ,8,2,#N/A,1,
Scott Mayhew ,8,2,#N/A,1,
Scott Wood ,1,1,#N/A,1,
Scott Wood ,1,1,#N/A,1,
Sean Christopherson ,112,19,#N/A,1,
Sean Christopherson ,112,19,#N/A,1,
Sean Paul ,2,1,#N/A,1,
Sean Paul ,2,1,#N/A,1,
Sebastian Andrzej Siewior ,5,2,#N/A,1,
Sebastian Andrzej Siewior ,5,2,#N/A,1,
Sébastien Szymanski ,1,1,#N/A,1,
Sébastien Szymanski ,1,1,#N/A,1,
SeongJae Park ,11,1,#N/A,1,
SeongJae Park ,11,1,#N/A,1,
Sergey Gorenko ,1,1,#N/A,1,
Sergey Gorenko ,1,1,#N/A,1,
Sergey Korolev ,1,1,#N/A,1,
Sergey Korolev ,1,1,#N/A,1,
Sergey Matyukevich ,6,1,#N/A,1,
Sergey Matyukevich ,6,1,#N/A,1,
Sergey Organov ,1,1,#N/A,1,
Sergey Organov ,1,1,#N/A,1,
Sergey Zakharchenko ,1,1,#N/A,1,
Sergey Zakharchenko ,1,1,#N/A,1,
Shakeel Butt ,2,2,#N/A,1,
Shakeel Butt ,2,2,#N/A,1,
Shannon Nelson ,3,3,#N/A,1,
Shannon Nelson ,3,3,#N/A,1,
Shannon Zhao ,1,1,#N/A,1,
Shannon Zhao ,1,1,#N/A,1,
Shaokun Zhang ,2,2,#N/A,1,
Shaokun Zhang ,2,2,#N/A,1,
shaoyunl ,1,1,#N/A,1,
shaoyunl ,1,1,#N/A,1,
Shay Bar ,1,1,#N/A,1,
Shay Bar ,1,1,#N/A,1,
Shengjiu Wang ,3,2,#N/A,1,
Shengjiu Wang ,3,2,#N/A,1,
Sherry Sun ,1,1,#N/A,1,
Sherry Sun ,1,1,#N/A,1,
Shijie Luo ,4,1,#N/A,1,
Shijie Luo ,4,1,#N/A,1,
Shile Zhang ,1,1,#N/A,1,
Shile Zhang ,1,1,#N/A,1,
Shin'ichiro Kawasaki ,4,2,#N/A,1,
Shin'ichiro Kawasaki ,4,2,#N/A,1,
Shirish S ,1,1,#N/A,1,
Shirish S ,1,1,#N/A,1,
Shuah Khan ,1,1,#N/A,1,
Shuah Khan ,1,1,#N/A,1,
Shubhrajyoti Datta ,5,1,#N/A,1,
Shubhrajyoti Datta ,5,1,#N/A,1,
Shuming Fan ,2,1,#N/A,1,
Shuming Fan ,2,1,#N/A,1,
Shyam Kumar Thella ,1,1,#N/A,1,
Shyam Kumar Thella ,1,1,#N/A,1,
Shyam Prasad N ,1,1,#N/A,1,
Shyam Prasad N ,1,1,#N/A,1,
Shyjumon N ,1,1,#N/A,1,
Shyjumon N ,1,1,#N/A,1,
Sibi Sankar ,4,1,#N/A,1,
Sibi Sankar ,4,1,#N/A,1,
Siddhesh Poyarekar ,1,1,#N/A,1,
Siddhesh Poyarekar ,1,1,#N/A,1,
Simon Schwartz ,1,1,#N/A,1,
Simon Schwartz ,1,1,#N/A,1,
Song Liu ,3,3,#N/A,1,
Song Liu ,3,3,#N/A,1,
Srinivas Kandagatla ,9,1,#N/A,1,
Srinivas Kandagatla ,9,1,#N/A,1,
Srinivas Neeli ,1,1,#N/A,1,
Srinivas Neeli ,1,1,#N/A,1,
Srinivas Pandruvada ,7,1,#N/A,1,
Srinivas Pandruvada ,7,1,#N/A,1,
Stanislav Fomichev ,1,1,#N/A,1,
Stanislav Fomichev ,1,1,#N/A,1,
Stanislav Lisovskiy ,1,1,#N/A,1,
Stanislav Lisovskiy ,1,1,#N/A,1,
Stanley Chu ,8,1,#N/A,1,
Stanley Chu ,8,1,#N/A,1,
Stanley.Yang ,1,1,#N/A,1,
Stanley.Yang ,1,1,#N/A,1,
Stefan Haberland ,1,1,#N/A,1,
Stefan Haberland ,1,1,#N/A,1,
Stefan Mavrodiev ,1,1,#N/A,1,
Stefan Mavrodiev ,1,1,#N/A,1,
Stefan Metzmacher ,1,1,#N/A,1,
Stefan Metzmacher ,1,1,#N/A,1,
Stefan Popa ,1,1,#N/A,1,
Stefan Popa ,1,1,#N/A,1,
Stefan Schaeckeler ,1,1,#N/A,1,
Stefan Schaeckeler ,1,1,#N/A,1,
Stefan Wahren ,7,2,#N/A,1,
Stefan Wahren ,7,2,#N/A,1,
Stefano Brivio ,9,2,#N/A,1,
Stefano Brivio ,9,2,#N/A,1,
Stefano Garzarella ,3,3,#N/A,1,
Stefano Garzarella ,3,3,#N/A,1,
Steffen Klassert ,4,1,#N/A,1,
Steffen Klassert ,4,1,#N/A,1,
Stephan Gerhold ,12,5,#N/A,1,
Stephan Gerhold ,12,5,#N/A,1,
Stephen Boyd ,30,8,#N/A,13,
Stephen Boyd ,30,8,#N/A,13,
Stephen Hemminger ,1,1,#N/A,13,
Stephen Hemminger ,1,1,#N/A,13,
Stephen Kitt ,4,1,#N/A,13,
Stephen Kitt ,4,1,#N/A,13,
Stephen Rothwell ,2,2,#N/A,13,
Stephen Rothwell ,2,2,#N/A,13,
Stephen Smalley ,2,1,#N/A,13,
Stephen Smalley ,2,1,#N/A,13,
Stephen Worley ,1,1,#N/A,13,
Stephen Worley ,1,1,#N/A,13,
Steve French ,11,1,#N/A,13,
Steve French ,11,1,#N/A,13,
Steven Clarkson ,1,1,#N/A,13,
Steven Clarkson ,1,1,#N/A,13,
Steven Price ,28,1,#N/A,13,
Steven Price ,28,1,#N/A,13,
Steven Rostedt (VMware) ,26,11,#N/A,13,
Steven Rostedt (VMware) ,26,11,#N/A,13,
Su Yanjun ,1,1,#N/A,13,
Su Yanjun ,1,1,#N/A,13,
Su Yue ,2,1,#N/A,13,
Su Yue ,2,1,#N/A,13,
Sudarsana Reddy Kalluru ,1,1,#N/A,13,
Sudarsana Reddy Kalluru ,1,1,#N/A,13,
Sudheesh Mavila ,1,1,#N/A,13,
Sudheesh Mavila ,1,1,#N/A,13,
Sukadev Bhattiprolu ,4,2,#N/A,13,
Sukadev Bhattiprolu ,4,2,#N/A,13,
Suman Anna ,3,1,#N/A,13,
Suman Anna ,3,1,#N/A,13,
Sun Ke ,1,1,#N/A,13,
Sun Ke ,1,1,#N/A,13,
Sung Lee ,5,1,#N/A,13,
Sung Lee ,5,1,#N/A,13,
Sunil Goutham ,13,1,#N/A,13,
Sunil Goutham ,13,1,#N/A,13,
Sunil Muthuswamy ,1,1,#N/A,13,
Sunil Muthuswamy ,1,1,#N/A,13,
Suraj Jitindar Singh ,2,1,#N/A,13,
Suraj Jitindar Singh ,2,1,#N/A,13,
Suravee Suthikulpanit ,17,3,#N/A,13,
Suravee Suthikulpanit ,17,3,#N/A,13,
Suren Baghdasaryan ,2,1,#N/A,13,
Suren Baghdasaryan ,2,1,#N/A,13,
Sushma Kalakota ,1,1,#N/A,13,
Sushma Kalakota ,1,1,#N/A,13,
Suzuki K Poulose ,7,2,#N/A,13,
Suzuki K Poulose ,7,2,#N/A,13,
Sven Auhagen ,1,1,#N/A,13,
Sven Auhagen ,1,1,#N/A,13,
Sven Eckelmann ,2,2,#N/A,13,
Sven Eckelmann ,2,2,#N/A,13,
Sven Schnelle ,3,1,#N/A,13,
Sven Schnelle ,3,1,#N/A,13,
Sven Van Asbroeck ,1,1,#N/A,13,
Sven Van Asbroeck ,1,1,#N/A,13,
"Swaminathan, Nivedita ",1,1,#N/A,13,
"Swaminathan, Nivedita ",1,1,#N/A,13,
SZ Lin (林上智) ,1,1,#N/A,13,
SZ Lin (林上智) ,1,1,#N/A,13,
Taehee Yoo ,19,13,#N/A,13,
Taehee Yoo ,19,13,#N/A,13,
Taejoon Song ,1,1,#N/A,13,
Taejoon Song ,1,1,#N/A,13,
Takashi Iwai ,50,17,#N/A,8,
Takashi Iwai ,50,17,#N/A,8,
Takashi Sakamoto ,7,1,#N/A,8,
Takashi Sakamoto ,7,1,#N/A,8,
"Tan, Tee Min ",2,2,#N/A,8,
"Tan, Tee Min ",2,2,#N/A,8,
tangbin ,1,1,#N/A,8,
tangbin ,1,1,#N/A,8,
Taniya Das ,2,2,#N/A,8,
Taniya Das ,2,2,#N/A,8,
Tariq Toukan ,5,4,#N/A,8,
Tariq Toukan ,5,4,#N/A,8,
Tejas Patel ,2,1,#N/A,8,
Tejas Patel ,2,1,#N/A,8,
Tejun Heo ,3,3,#N/A,8,
Tejun Heo ,3,3,#N/A,8,
Tero Kristo ,1,1,#N/A,8,
Tero Kristo ,1,1,#N/A,8,
Tetsuhiro Kohada ,1,1,#N/A,8,
Tetsuhiro Kohada ,1,1,#N/A,8,
Tetsuo Handa ,1,1,#N/A,8,
Tetsuo Handa ,1,1,#N/A,8,
Thadeu Lima de Souza Cascardo ,1,1,#N/A,8,
Thadeu Lima de Souza Cascardo ,1,1,#N/A,8,
Theodore Dubois ,1,1,#N/A,8,
Theodore Dubois ,1,1,#N/A,8,
Theodore Ts'o ,8,4,#N/A,1,
Theodore Ts'o ,8,4,#N/A,1,
Thierry Reding ,19,3,#N/A,1,
Thierry Reding ,19,3,#N/A,1,
Thinh Nguyen ,7,2,#N/A,1,
Thinh Nguyen ,7,2,#N/A,1,
Thomas Bogendoerfer ,8,4,#N/A,1,
Thomas Bogendoerfer ,8,4,#N/A,1,
Thomas Gleixner ,18,6,#N/A,5,
Thomas Gleixner ,18,6,#N/A,5,
Thomas Hebb ,2,1,#N/A,5,
Thomas Hebb ,2,1,#N/A,5,
Thomas Hellstrom ,5,1,#N/A,5,
Thomas Hellstrom ,5,1,#N/A,5,
Thomas Renninger ,1,1,#N/A,5,
Thomas Renninger ,1,1,#N/A,5,
Thomas Richter ,6,1,#N/A,1,
Thomas Richter ,6,1,#N/A,1,
Thomas Zimmermann ,1,1,#N/A,1,
Thomas Zimmermann ,1,1,#N/A,1,
Thommy Jakobsson ,1,1,#N/A,1,
Thommy Jakobsson ,1,1,#N/A,1,
Tian Tao ,1,1,#N/A,1,
Tian Tao ,1,1,#N/A,1,
Tianci.Yin ,6,1,#N/A,1,
Tianci.Yin ,6,1,#N/A,1,
Tianjia Zhang ,2,2,#N/A,1,
Tianjia Zhang ,2,2,#N/A,1,
Tianlin Li ,1,1,#N/A,1,
Tianlin Li ,1,1,#N/A,1,
Tianyu Lan ,1,1,#N/A,1,
Tianyu Lan ,1,1,#N/A,1,
Tiecheng Zhou ,1,1,#N/A,1,
Tiecheng Zhou ,1,1,#N/A,1,
Tiezhu Yang ,2,2,#N/A,1,
Tiezhu Yang ,2,2,#N/A,1,
Tim Harvey ,3,1,#N/A,1,
Tim Harvey ,3,1,#N/A,1,
Tina Zhang ,4,4,#N/A,1,
Tina Zhang ,4,4,#N/A,1,
Tobias Klauser ,2,2,#N/A,1,
Tobias Klauser ,2,2,#N/A,1,
Tobias Schramm ,1,1,#N/A,1,
Tobias Schramm ,1,1,#N/A,1,
Toke H??iland-J??rgensen ,17,9,#N/A,1,
Toke H??iland-J??rgensen ,17,9,#N/A,1,
Tom Lendacky ,3,2,#N/A,1,
Tom Lendacky ,3,2,#N/A,1,
Tom St Denis ,2,1,#N/A,1,
Tom St Denis ,2,1,#N/A,1,
Tom Zanussi ,28,5,#N/A,1,
Tom Zanussi ,28,5,#N/A,1,
Tom Zhao ,1,1,#N/A,1,
Tom Zhao ,1,1,#N/A,1,
Tomas Henzl ,1,1,#N/A,1,
Tomas Henzl ,1,1,#N/A,1,
Tomas Novotny ,2,2,#N/A,1,
Tomas Novotny ,2,2,#N/A,1,
Tomas Paukrt ,1,1,#N/A,1,
Tomas Paukrt ,1,1,#N/A,1,
Tomas Winkler ,2,1,#N/A,1,
Tomas Winkler ,2,1,#N/A,1,
Tomasz Duszynski ,1,1,#N/A,1,
Tomasz Duszynski ,1,1,#N/A,1,
Tomer Maimon ,4,1,#N/A,1,
Tomer Maimon ,4,1,#N/A,1,
Tomeu Vizoso ,1,1,#N/A,1,
Tomeu Vizoso ,1,1,#N/A,1,
Tomi Valkeinen ,2,1,#N/A,1,
Tomi Valkeinen ,2,1,#N/A,1,
Tommi Rantala ,3,1,#N/A,1,
Tommi Rantala ,3,1,#N/A,1,
Tony Fischetti ,1,1,#N/A,1,
Tony Fischetti ,1,1,#N/A,1,
Tony Lindgren ,36,5,#N/A,5,
Tony Lindgren ,36,5,#N/A,5,
Tony Luck ,1,1,#N/A,5,
Tony Luck ,1,1,#N/A,5,
Tony Nguyen ,8,2,#N/A,5,
Tony Nguyen ,8,2,#N/A,5,
Tony W Wang-oc ,4,1,#N/A,5,
Tony W Wang-oc ,4,1,#N/A,5,
Topi Kuutela ,1,1,#N/A,5,
Topi Kuutela ,1,1,#N/A,5,
Trond Myklebust ,56,7,#N/A,5,
Trond Myklebust ,56,7,#N/A,5,
Tudor Ambarus ,2,2,#N/A,5,
Tudor Ambarus ,2,2,#N/A,5,
Tuong Lien ,1,1,#N/A,5,
Tuong Lien ,1,1,#N/A,5,
Tvrtko Ursulin ,3,2,#N/A,5,
Tvrtko Ursulin ,3,2,#N/A,5,
Tycho Andersen ,2,1,#N/A,5,
Tycho Andersen ,2,1,#N/A,5,
Tyler Hicks ,3,1,#N/A,5,
Tyler Hicks ,3,1,#N/A,5,
Tyrel Datwyler ,1,1,#N/A,5,
Tyrel Datwyler ,1,1,#N/A,5,
Tzu-En Huang ,2,1,#N/A,5,
Tzu-En Huang ,2,1,#N/A,5,
Tzung-Bi Shih ,6,3,#N/A,5,
Tzung-Bi Shih ,6,3,#N/A,5,
Ulf Hansson ,15,3,#N/A,1,
Ulf Hansson ,15,3,#N/A,1,
Ulrich Weber ,2,2,#N/A,1,
Ulrich Weber ,2,2,#N/A,1,
Ursula Braun ,3,3,#N/A,1,
Ursula Braun ,3,3,#N/A,1,
Uwe Kleine-K??nig ,10,2,#N/A,1,
Uwe Kleine-K??nig ,10,2,#N/A,1,
Vadim Pasternak ,21,5,#N/A,1,
Vadim Pasternak ,21,5,#N/A,1,
Vaibhav Jain ,2,2,#N/A,1,
Vaibhav Jain ,2,2,#N/A,1,
Valdis Klētnieks ,1,1,#N/A,1,
Valdis Klētnieks ,1,1,#N/A,1,
Valentin Schneider ,1,1,#N/A,1,
Valentin Schneider ,1,1,#N/A,1,
Vandita Kulkarni ,1,1,#N/A,1,
Vandita Kulkarni ,1,1,#N/A,1,
Vasily Averin ,21,4,#N/A,1,
Vasily Averin ,21,4,#N/A,1,
Vasily Gorbik ,4,1,#N/A,1,
Vasily Gorbik ,4,1,#N/A,1,
Vasily Khoruzhick ,4,1,#N/A,1,
Vasily Khoruzhick ,4,1,#N/A,1,
Vasundhara Volam ,12,5,#N/A,1,
Vasundhara Volam ,12,5,#N/A,1,
Veerabhadrarao Badiganti ,1,1,#N/A,1,
Veerabhadrarao Badiganti ,1,1,#N/A,1,
Venkatesh Yadav Abbarapu ,1,1,#N/A,1,
Venkatesh Yadav Abbarapu ,1,1,#N/A,1,
"Verma, Aashish ",1,1,#N/A,1,
"Verma, Aashish ",1,1,#N/A,1,
Victor Kamensky ,2,1,#N/A,1,
Victor Kamensky ,2,1,#N/A,1,
Vignesh Raghavendra ,7,2,#N/A,1,
Vignesh Raghavendra ,7,2,#N/A,1,
Ville Syrj??l?? ,5,3,#N/A,1,
Ville Syrj??l?? ,5,3,#N/A,1,
Vinay Kumar Yadav ,2,1,#N/A,1,
Vinay Kumar Yadav ,2,1,#N/A,1,
Vincent Chen ,2,1,#N/A,1,
Vincent Chen ,2,1,#N/A,1,
Vincent Guittot ,4,2,#N/A,1,
Vincent Guittot ,4,2,#N/A,1,
Vincent Prince ,1,1,#N/A,1,
Vincent Prince ,1,1,#N/A,1,
Vincent Whitchurch ,2,1,#N/A,1,
Vincent Whitchurch ,2,1,#N/A,1,
Vincenzo Frascino ,14,4,#N/A,1,
Vincenzo Frascino ,14,4,#N/A,1,
Vineet Gupta ,6,1,#N/A,1,
Vineet Gupta ,6,1,#N/A,1,
Vinicius Costa Gomes ,6,3,#N/A,1,
Vinicius Costa Gomes ,6,3,#N/A,1,
Vinod Koul ,3,2,#N/A,2,
Vinod Koul ,3,2,#N/A,2,
Viresh Kumar ,2,2,#N/A,2,
Viresh Kumar ,2,2,#N/A,2,
Vishal Kulkarni ,1,1,#N/A,2,
Vishal Kulkarni ,1,1,#N/A,2,
Vitaly Kuznetsov ,8,2,#N/A,2,
Vitaly Kuznetsov ,8,2,#N/A,2,
Vitaly Wool ,1,1,#N/A,2,
Vitaly Wool ,1,1,#N/A,2,
Vitor Soares ,1,1,#N/A,2,
Vitor Soares ,1,1,#N/A,2,
Vivek Goyal ,2,1,#N/A,2,
Vivek Goyal ,2,1,#N/A,2,
Vivek Kasireddy ,3,2,#N/A,2,
Vivek Kasireddy ,3,2,#N/A,2,
Vlad Buslov ,3,1,#N/A,2,
Vlad Buslov ,3,1,#N/A,2,
Vladimir Murzin ,5,2,#N/A,2,
Vladimir Murzin ,5,2,#N/A,2,
Vladimir Oltean ,8,7,#N/A,2,
Vladimir Oltean ,8,7,#N/A,2,
Vladis Dronov ,4,3,#N/A,2,
Vladis Dronov ,4,3,#N/A,2,
Vlastimil Babka ,5,4,#N/A,2,
Vlastimil Babka ,5,4,#N/A,2,
Voon Weifeng ,1,1,#N/A,2,
Voon Weifeng ,1,1,#N/A,2,
Waiman Long ,4,2,#N/A,2,
Waiman Long ,4,2,#N/A,2,
Wambui Karuga ,3,1,#N/A,2,
Wambui Karuga ,3,1,#N/A,2,
Wang Hai ,1,1,#N/A,2,
Wang Hai ,1,1,#N/A,2,
Wang Long ,1,1,#N/A,2,
Wang Long ,1,1,#N/A,2,
Wang Xuerui ,1,1,#N/A,2,
Wang Xuerui ,1,1,#N/A,2,
"Wang, Peng 1. (NSB - CN/Hangzhou) ",1,1,#N/A,2,
"Wang, Peng 1. (NSB - CN/Hangzhou) ",1,1,#N/A,2,
wangyan ,4,1,#N/A,2,
wangyan ,4,1,#N/A,2,
Wanpeng Li ,6,2,#N/A,2,
wanpeng li ,1,1,#N/A,2,
Wanpeng Li ,6,2,#N/A,2,
wanpeng li ,1,1,#N/A,2,
Wayne Lin ,3,1,#N/A,2,
Wayne Lin ,3,1,#N/A,2,
Wei Hu ,1,1,#N/A,2,
Wei Hu ,1,1,#N/A,2,
Wei Li ,4,1,#N/A,2,
Wei Li ,4,1,#N/A,2,
Wei Liu ,2,1,#N/A,2,
Wei Liu ,2,1,#N/A,2,
Wei Yang ,8,5,#N/A,2,
Wei Yang ,8,5,#N/A,2,
Wei Yongjun ,5,5,#N/A,2,
Wei Yongjun ,5,5,#N/A,2,
Weihang Li ,1,1,#N/A,2,
Weihang Li ,1,1,#N/A,2,
Wen Gong ,1,1,#N/A,2,
Wen Gong ,1,1,#N/A,2,
Wen He ,2,1,#N/A,2,
Wen He ,2,1,#N/A,2,
Wen Xiong ,1,1,#N/A,2,
Wen Xiong ,1,1,#N/A,2,
Wen Yang ,5,1,#N/A,2,
Wen Yang ,5,1,#N/A,2,
Wen-chien Jesse Sung ,1,1,#N/A,2,
Wen-chien Jesse Sung ,1,1,#N/A,2,
Wenjing Liu ,7,1,#N/A,2,
Wenjing Liu ,7,1,#N/A,2,
Wenwen Wang ,3,1,#N/A,2,
Wenwen Wang ,3,1,#N/A,2,
wenxu ,2,2,#N/A,2,
wenxu ,2,2,#N/A,2,
Wesley Sheng ,2,1,#N/A,2,
Wesley Sheng ,2,1,#N/A,2,
Will Deacon ,17,5,#N/A,4,
Will Deacon ,17,5,#N/A,4,
Willem de Bruijn ,4,2,#N/A,4,
Willem de Bruijn ,4,2,#N/A,4,
William Dauchy ,3,1,#N/A,4,
William Dauchy ,3,1,#N/A,4,
Wolfram Sang ,24,5,#N/A,4,
Wolfram Sang ,24,5,#N/A,4,
Wyatt Wood ,3,1,#N/A,4,
Wyatt Wood ,3,1,#N/A,4,
Xiang Chen ,2,1,#N/A,4,
Xiang Chen ,2,1,#N/A,4,
Xiao Yang ,1,1,#N/A,4,
Xiao Yang ,1,1,#N/A,4,
Xiaochen Shen ,6,4,#N/A,4,
Xiaochen Shen ,6,4,#N/A,4,
xiaofeng.yan ,1,1,#N/A,4,
xiaofeng.yan ,1,1,#N/A,4,
Xiaoguang Wang ,2,1,#N/A,4,
Xiaoguang Wang ,2,1,#N/A,4,
Xiaoyao Li ,1,1,#N/A,4,
Xiaoyao Li ,1,1,#N/A,4,
Xin Long ,1,1,#N/A,4,
Xin Long ,1,1,#N/A,4,
xinhui pan ,1,1,#N/A,4,
xinhui pan ,1,1,#N/A,4,
Xiong ,1,1,#N/A,4,
Xiong ,1,1,#N/A,4,
Xiubo Li ,16,2,#N/A,4,
Xiubo Li ,16,2,#N/A,4,
Xu Wang ,2,1,#N/A,4,
Xu Wang ,2,1,#N/A,4,
Yang Shi ,2,2,#N/A,4,
Yang Shi ,2,2,#N/A,4,
Yangbo Lu ,7,2,#N/A,4,
Yangbo Lu ,7,2,#N/A,4,
yangerkun ,2,2,#N/A,4,
yangerkun ,2,2,#N/A,4,
Yangtao Li ,19,2,#N/A,4,
Yangtao Li ,19,2,#N/A,4,
Yan-Hsuan Chuang ,6,2,#N/A,4,
Yan-Hsuan Chuang ,6,2,#N/A,4,
Yash Shah ,9,2,#N/A,4,
Yash Shah ,9,2,#N/A,4,
Yauhen Kharuzhy ,3,1,#N/A,4,
Yauhen Kharuzhy ,3,1,#N/A,4,
Yazen Ghannam ,5,1,#N/A,4,
Yazen Ghannam ,5,1,#N/A,4,
Yevgeny Kliteynik ,1,1,#N/A,4,
Yevgeny Kliteynik ,1,1,#N/A,4,
Yi Zhang ,1,1,#N/A,4,
Yi Zhang ,1,1,#N/A,4,
Yicong Yang ,1,1,#N/A,4,
Yicong Yang ,1,1,#N/A,4,
Yintian Tao ,1,1,#N/A,4,
Yintian Tao ,1,1,#N/A,4,
Yishai Hadas ,6,2,#N/A,4,
Yishai Hadas ,6,2,#N/A,4,
Yonatan Cohen ,1,1,#N/A,4,
Yonatan Cohen ,1,1,#N/A,4,
Yong Zhao ,3,1,#N/A,4,
Yong Zhao ,3,1,#N/A,4,
Yong Zhi ,2,1,#N/A,4,
Yong Zhi ,2,1,#N/A,4,
yong.liang ,5,1,#N/A,4,
yong.liang ,5,1,#N/A,4,
Yonghong Song ,8,3,#N/A,4,
Yonghong Song ,8,3,#N/A,4,
Yonghyun Hwang ,1,1,#N/A,4,
Yonghyun Hwang ,1,1,#N/A,4,
Yonglong Liu ,4,4,#N/A,4,
Yonglong Liu ,4,4,#N/A,4,
Yongqiang Sun ,4,1,#N/A,4,
Yongqiang Sun ,4,1,#N/A,4,
Yoshiki Komachi ,2,2,#N/A,4,
Yoshiki Komachi ,2,2,#N/A,4,
You-Sheng Yang ,1,1,#N/A,4,
You-Sheng Yang ,1,1,#N/A,4,
yu kuai ,4,3,#N/A,4,
yu kuai ,4,3,#N/A,4,
Yu Zhao ,2,1,#N/A,4,
Yu Zhao ,2,1,#N/A,4,
Yue Hu ,1,1,#N/A,4,
Yue Hu ,1,1,#N/A,4,
YueHaibing ,33,7,#N/A,4,
yuehaibing ,1,1,#N/A,4,
YueHaibing ,33,7,#N/A,4,
yuehaibing ,1,1,#N/A,4,
Yufeng Mo ,1,1,#N/A,4,
Yufeng Mo ,1,1,#N/A,4,
Yu-Hsuan Hsu ,1,1,#N/A,4,
Yu-Hsuan Hsu ,1,1,#N/A,4,
Yuji Sasaki ,1,1,#N/A,4,
Yuji Sasaki ,1,1,#N/A,4,
Yuki Taguchi ,1,1,#N/A,4,
Yuki Taguchi ,1,1,#N/A,4,
Yulia Kartseva ,1,1,#N/A,4,
Yulia Kartseva ,1,1,#N/A,4,
Yunfeng Ye ,2,1,#N/A,4,
Yunfeng Ye ,2,1,#N/A,4,
Yunsheng Lin ,3,2,#N/A,4,
Yunsheng Lin ,3,2,#N/A,4,
Yurii Monakov ,2,2,#N/A,4,
Yurii Monakov ,2,2,#N/A,4,
Yury Norov ,10,1,#N/A,4,
Yury Norov ,10,1,#N/A,4,
Yuti Amonkar ,1,1,#N/A,4,
Yuti Amonkar ,1,1,#N/A,4,
Zaibo Xu ,13,1,#N/A,4,
Zaibo Xu ,13,1,#N/A,4,
Zak Hays ,2,1,#N/A,4,
Zak Hays ,2,1,#N/A,4,
Zeng Tao ,1,1,#N/A,4,
Zeng Tao ,1,1,#N/A,4,
Zenghui Yu ,11,3,#N/A,4,
Zenghui Yu ,11,3,#N/A,4,
Zhan Liu ,2,1,#N/A,4,
Zhan Liu ,2,1,#N/A,4,
Zhang Xiaoxu ,5,4,#N/A,4,
Zhang Xiaoxu ,5,4,#N/A,4,
zhangyi (F) ,6,3,#N/A,4,
zhangyi (F) ,6,3,#N/A,4,
Zheng Bin ,4,1,#N/A,4,
Zheng Bin ,4,1,#N/A,4,
zhengbin ,19,1,#N/A,4,
zhengbin ,19,1,#N/A,4,
Zhengyuan Liu ,3,3,#N/A,4,
Zhengyuan Liu ,3,3,#N/A,4,
zhenwei pi ,2,1,#N/A,4,
zhenwei pi ,2,1,#N/A,4,
Zhenyu Wang ,1,1,#N/A,4,
Zhenyu Wang ,1,1,#N/A,4,
Zhenzhong Duan ,2,2,#N/A,4,
Zhenzhong Duan ,2,2,#N/A,4,
Zhi Chen ,1,1,#N/A,4,
Zhi Chen ,1,1,#N/A,4,
Zhihao Cheng ,1,1,#N/A,4,
Zhihao Cheng ,1,1,#N/A,4,
Zhiqiang Liu ,2,1,#N/A,4,
Zhiqiang Liu ,2,1,#N/A,4,
Zhou Wang ,1,1,#N/A,4,
Zhou Wang ,1,1,#N/A,4,
Zhu Yanjun ,1,1,#N/A,4,
Zhu Yanjun ,1,1,#N/A,4,
Zhuang Yanying ,1,1,#N/A,4,
Zhuang Yanying ,1,1,#N/A,4,
Zong Li ,3,1,#N/A,4,
Zong Li ,3,1,#N/A,4,
Zong-Zhe Yang ,1,1,#N/A,4,
Zong-Zhe Yang ,1,1,#N/A,4,
周琰杰 (Zhou Yanjie) ,3,1,#N/A,4,
周琰杰 (Zhou Yanjie) ,3,1,#N/A,4,
